Workbook

Sheet PETUNJUK
B1: CARA PAKAI Bformat.xlsx
B3: 1. Laporan Bendahara Pengeluaran (BPG)
B4: Sumber data: file 'Rekapitulasi LPJ Bendahara Pengeluaran Tingkat KPPN', sheet 'Data'.
B5: a. Buka file Rekapitulasi mentahnya, klik sheet 'Data'.
B6: b. Klik sel A1, lalu tekan Ctrl+A (pilih semua isi sheet).
B7: c. Tekan Ctrl+C (copy).
B8: d. Di file ini, buka sheet 'Paste BPG', klik sel A1 (sel kuning bertanda merah), lalu tekan Ctrl+V (paste).
B9: e. Selesai -- sheet 'Report' yang sesuai otomatis terhitung ulang.
B11: 2. Laporan Bendahara Penerimaan (BPN)
B12: Sumber data: file 'Rekapitulasi LPJ Bendahara Penerimaan Tingkat KPPN', sheet 'Data'.
B13: a. Buka file Rekapitulasi mentahnya, klik sheet 'Data'.
B14: b. Klik sel A1, lalu tekan Ctrl+A (pilih semua isi sheet).
... B29: Kalau ada Satker baru yang muncul di data KPPN tapi belum ada barisnya di sheet Report, baris itu perlu ditambahkan manual (bukan otomatis).

Sheet Report BPG
C1: DAFTAR LPJ PENGELUARAN
C2: BULAN JUNI TAHUN 2026 | M2: =C2 -> BULAN JUNI TAHUN 2026
A3: KPPN BANDUNG II (095)
A4: NO | B4: KODE SATKER | C4: NAMA SATKER | D4: SALDO MENURUT BUKU PEMBANTU | J4: UANG PERSEDIAAN
D5: BP UP | E5: BP LS BENDAHARA | F5: BP PAJAK | G5: BP HIBAH | H5: BP LAIN-LAIN | I5: JUMLAH | J5: SALDO | K5: KWITANSI | L5: JUMLAH
B7: 005 | C7: MAHKAMAH AGUNG | D7: =SUM(D8+D9+D10+D11+D12+D13+D14+D15+D16+D17+D18+D19+D20+D21+D22+D23+D24+D25+D26+D27) -> 0 | E7: =SUM(E8+E9+E10+E11+E12+E13+E14+E15+E16+E17+E18+E19+E20+E21+E22+E23+E24+E25+E26+E27) -> 0 | F7: =SUM(F8+F9+F10+F11+F12+F13+F14+F15+F16+F17+F18+F19+F20+F21+F22+F23+F24+F25+F26+F27) -> 0 | G7: =SUM(G8+G9+G10+G11+G12+G13+G14+G15+G16+G17+G18+G19+G20+G21+G22+G23+G24+G25+G26+G27) -> 0 | H7: =SUM(H8+H9+H10+H11+H12+H13+H14+H15+H16+H17+H18+H19+H20+H21+H22+H23+H24+H25+H26+H27) -> 0 | I7: =SUM(D7+E7+F7+G7+H7) -> 0 | J7: =SUM(J8+J9+J10+J11+J12+J13+J14+J15+J16+J17+J18+J19+J20+J21+J22+J23+J24+J25+J26+J27) -> 0 | K7: =SUM(K8+K9+K10+K11+K12+K13+K14+K15+K16+K17+K18+K19+K20+K21+K22+K23+K24+K25+K26+K27) -> 0 | L7: =J7+K7 -> 0
A8: 1 | B8: 097500 | C8: PENGADILAN TINGGI BANDUNG | D8: =IFERROR(VALUE(SUBSTITUTE(INDEX('Paste BPG'!$A:$Z,MATCH($B8,'Paste BPG'!$C:$C,0),MATCH("BP UP/TUP",'Paste BPG'!$3:$3,0)),".","")),0) -> 0 | E8: =IFERROR(VALUE(SUBSTITUTE(INDEX('Paste BPG'!$A:$Z,MATCH($B8,'Paste BPG'!$C:$C,0),MATCH("BP LS BENDAHARA",'Paste BPG'!$3:$3,0)),".","")),0) -> 0 | F8: =IFERROR(VALUE(SUBSTITUTE(INDEX('Paste BPG'!$A:$Z,MATCH($B8,'Paste BPG'!$C:$C,0),MATCH("BP PAJAK",'Paste BPG'!$3:$3,0)),".","")),0) -> 0 | G8: =IFERROR(VALUE(SUBSTITUTE(INDEX('Paste BPG'!$A:$Z,MATCH($B8,'Paste BPG'!$C:$C,0),MATCH("BP HIBAH",'Paste BPG'!$3:$3,0)),".","")),0) -> 0 | H8: =IFERROR(VALUE(SUBSTITUTE(INDEX('Paste BPG'!$A:$Z,MATCH($B8,'Paste BPG'!$C:$C,0),MATCH("BP LAIN-LAIN",'Paste BPG'!$3:$3,0)),".","")),0) -> 0 | I8: =D8+E8+F8+G8+H8 -> 0 | J8: =D8 -> 0 | K8: =IFERROR(VALUE(SUBSTITUTE(INDEX('Paste BPG'!$A:$Z,MATCH($B8,'Paste BPG'!$C:$C,0),MATCH("KUITANSI",'Paste BPG'!$3:$3,0)),".","")),0) -> 0 | L8: =J8+K8 -> 0
A9: 2 | B9: 097514 | C9: PENGADILAN NEGERI BANDUNG | D9: =IFERROR(VALUE(SUBSTITUTE(INDEX('Paste BPG'!$A:$Z,MATCH($B9,'Paste BPG'!$C:$C,0),MATCH("BP UP/TUP",'Paste BPG'!$3:$3,0)),".","")),0) -> 0 | E9: =IFERROR(VALUE(SUBSTITUTE(INDEX('Paste BPG'!$A:$Z,MATCH($B9,'Paste BPG'!$C:$C,0),MATCH("BP LS BENDAHARA",'Paste BPG'!$3:$3,0)),".","")),0) -> 0 | F9: =IFERROR(VALUE(SUBSTITUTE(INDEX('Paste BPG'!$A:$Z,MATCH($B9,'Paste BPG'!$C:$C,0),MATCH("BP PAJAK",'Paste BPG'!$3:$3,0)),".","")),0) -> 0 | G9: =IFERROR(VALUE(SUBSTITUTE(INDEX('Paste BPG'!$A:$Z,MATCH($B9,'Paste BPG'!$C:$C,0),MATCH("BP HIBAH",'Paste BPG'!$3:$3,0)),".","")),0) -> 0 | H9: =IFERROR(VALUE(SUBSTITUTE(INDEX('Paste BPG'!$A:$Z,MATCH($B9,'Paste BPG'!$C:$C,0),MATCH("BP LAIN-LAIN",'Paste BPG'!$3:$3,0)),".","")),0) -> 0 | I9: =D9+E9+F9+G9+H9 -> 0 | J9: =D9 -> 0 | K9: =IFERROR(VALUE(SUBSTITUTE(INDEX('Paste BPG'!$A:$Z,MATCH($B9,'Paste BPG'!$C:$C,0),MATCH("KUITANSI",'Paste BPG'!$3:$3,0)),".","")),0) -> 0 | L9: =J9+K9 -> 0
A10: 3 | B10: 099067 | C10: PENGADILAN TINGGI BANDUNG | D10: =IFERROR(VALUE(SUBSTITUTE(INDEX('Paste BPG'!$A:$Z,MATCH($B10,'Paste BPG'!$C:$C,0),MATCH("BP UP/TUP",'Paste BPG'!$3:$3,0)),".","")),0) -> 0 | E10: =IFERROR(VALUE(SUBSTITUTE(INDEX('Paste BPG'!$A:$Z,MATCH($B10,'Paste BPG'!$C:$C,0),MATCH("BP LS BENDAHARA",'Paste BPG'!$3:$3,0)),".","")),0) -> 0 | F10: =IFERROR(VALUE(SUBSTITUTE(INDEX('Paste BPG'!$A:$Z,MATCH($B10,'Paste BPG'!$C:$C,0),MATCH("BP PAJAK",'Paste BPG'!$3:$3,0)),".","")),0) -> 0 | G10: =IFERROR(VALUE(SUBSTITUTE(INDEX('Paste BPG'!$A:$Z,MATCH($B10,'Paste BPG'!$C:$C,0),MATCH("BP HIBAH",'Paste BPG'!$3:$3,0)),".","")),0) -> 0 | H10: =IFERROR(VALUE(SUBSTITUTE(INDEX('Paste BPG'!$A:$Z,MATCH($B10,'Paste BPG'!$C:$C,0),MATCH("BP LAIN-LAIN",'Paste BPG'!$3:$3,0)),".","")),0) -> 0 | I10: =D10+E10+F10+G10+H10 -> 0 | J10: =D10 -> 0 | K10: =IFERROR(VALUE(SUBSTITUTE(INDEX('Paste BPG'!$A:$Z,MATCH($B10,'Paste BPG'!$C:$C,0),MATCH("KUITANSI",'Paste BPG'!$3:$3,0)),".","")),0) -> 0 | L10: =J10+K10 -> 0
A11: 4 | B11: 099068 | C11: PENGADILAN NEGERI BANDUNG | D11: =IFERROR(VALUE(SUBSTITUTE(INDEX('Paste BPG'!$A:$Z,MATCH($B11,'Paste BPG'!$C:$C,0),MATCH("BP UP/TUP",'Paste BPG'!$3:$3,0)),".","")),0) -> 0 | E11: =IFERROR(VALUE(SUBSTITUTE(INDEX('Paste BPG'!$A:$Z,MATCH($B11,'Paste BPG'!$C:$C,0),MATCH("BP LS BENDAHARA",'Paste BPG'!$3:$3,0)),".","")),0) -> 0 | F11: =IFERROR(VALUE(SUBSTITUTE(INDEX('Paste BPG'!$A:$Z,MATCH($B11,'Paste BPG'!$C:$C,0),MATCH("BP PAJAK",'Paste BPG'!$3:$3,0)),".","")),0) -> 0 | G11: =IFERROR(VALUE(SUBSTITUTE(INDEX('Paste BPG'!$A:$Z,MATCH($B11,'Paste BPG'!$C:$C,0),MATCH("BP HIBAH",'Paste BPG'!$3:$3,0)),".","")),0) -> 0 | H11: =IFERROR(VALUE(SUBSTITUTE(INDEX('Paste BPG'!$A:$Z,MATCH($B11,'Paste BPG'!$C:$C,0),MATCH("BP LAIN-LAIN",'Paste BPG'!$3:$3,0)),".","")),0) -> 0 | I11: =D11+E11+F11+G11+H11 -> 0 | J11: =D11 -> 0 | K11: =IFERROR(VALUE(SUBSTITUTE(INDEX('Paste BPG'!$A:$Z,MATCH($B11,'Paste BPG'!$C:$C,0),MATCH("KUITANSI",'Paste BPG'!$3:$3,0)),".","")),0) -> 0 | L11: =J11+K11 -> 0
A12: 5 | B12: 308166 | C12: PENGADILAN TINGGI AGAMA BANDUNG | D12: =IFERROR(VALUE(SUBSTITUTE(INDEX('Paste BPG'!$A:$Z,MATCH($B12,'Paste BPG'!$C:$C,0),MATCH("BP UP/TUP",'Paste BPG'!$3:$3,0)),".","")),0) -> 0 | E12: =IFERROR(VALUE(SUBSTITUTE(INDEX('Paste BPG'!$A:$Z,MATCH($B12,'Paste BPG'!$C:$C,0),MATCH("BP LS BENDAHARA",'Paste BPG'!$3:$3,0)),".","")),0) -> 0 | F12: =IFERROR(VALUE(SUBSTITUTE(INDEX('Paste BPG'!$A:$Z,MATCH($B12,'Paste BPG'!$C:$C,0),MATCH("BP PAJAK",'Paste BPG'!$3:$3,0)),".","")),0) -> 0 | G12: =IFERROR(VALUE(SUBSTITUTE(INDEX('Paste BPG'!$A:$Z,MATCH($B12,'Paste BPG'!$C:$C,0),MATCH("BP HIBAH",'Paste BPG'!$3:$3,0)),".","")),0) -> 0 | H12: =IFERROR(VALUE(SUBSTITUTE(INDEX('Paste BPG'!$A:$Z,MATCH($B12,'Paste BPG'!$C:$C,0),MATCH("BP LAIN-LAIN",'Paste BPG'!$3:$3,0)),".","")),0) -> 0 | I12: =D12+E12+F12+G12+H12 -> 0 | J12: =D12 -> 0 | K12: =IFERROR(VALUE(SUBSTITUTE(INDEX('Paste BPG'!$A:$Z,MATCH($B12,'Paste BPG'!$C:$C,0),MATCH("KUITANSI",'Paste BPG'!$3:$3,0)),".","")),0) -> 0 | L12: =J12+K12 -> 0
A13: 6 | B13: 309124 | C13: PENGADILAN TINGGI AGAMA BANDUNG | D13: =IFERROR(VALUE(SUBSTITUTE(INDEX('Paste BPG'!$A:$Z,MATCH($B13,'Paste BPG'!$C:$C,0),MATCH("BP UP/TUP",'Paste BPG'!$3:$3,0)),".","")),0) -> 0 | E13: =IFERROR(VALUE(SUBSTITUTE(INDEX('Paste BPG'!$A:$Z,MATCH($B13,'Paste BPG'!$C:$C,0),MATCH("BP LS BENDAHARA",'Paste BPG'!$3:$3,0)),".","")),0) -> 0 | F13: =IFERROR(VALUE(SUBSTITUTE(INDEX('Paste BPG'!$A:$Z,MATCH($B13,'Paste BPG'!$C:$C,0),MATCH("BP PAJAK",'Paste BPG'!$3:$3,0)),".","")),0) -> 0 | G13: =IFERROR(VALUE(SUBSTITUTE(INDEX('Paste BPG'!$A:$Z,MATCH($B13,'Paste BPG'!$C:$C,0),MATCH("BP HIBAH",'Paste BPG'!$3:$3,0)),".","")),0) -> 0 | H13: =IFERROR(VALUE(SUBSTITUTE(INDEX('Paste BPG'!$A:$Z,MATCH($B13,'Paste BPG'!$C:$C,0),MATCH("BP LAIN-LAIN",'Paste BPG'!$3:$3,0)),".","")),0) -> 0 | I13: =D13+E13+F13+G13+H13 -> 0 | J13: =D13 -> 0 | K13: =IFERROR(VALUE(SUBSTITUTE(INDEX('Paste BPG'!$A:$Z,MATCH($B13,'Paste BPG'!$C:$C,0),MATCH("KUITANSI",'Paste BPG'!$3:$3,0)),".","")),0) -> 0 | L13: =J13+K13 -> 0
A14: 7 | B14: 400483 | C14: PENGADILAN NEGERI BALE BANDUNG | D14: =IFERROR(VALUE(SUBSTITUTE(INDEX('Paste BPG'!$A:$Z,MATCH($B14,'Paste BPG'!$C:$C,0),MATCH("BP UP/TUP",'Paste BPG'!$3:$3,0)),".","")),0) -> 0 | E14: =IFERROR(VALUE(SUBSTITUTE(INDEX('Paste BPG'!$A:$Z,MATCH($B14,'Paste BPG'!$C:$C,0),MATCH("BP LS BENDAHARA",'Paste BPG'!$3:$3,0)),".","")),0) -> 0 | F14: =IFERROR(VALUE(SUBSTITUTE(INDEX('Paste BPG'!$A:$Z,MATCH($B14,'Paste BPG'!$C:$C,0),MATCH("BP PAJAK",'Paste BPG'!$3:$3,0)),".","")),0) -> 0 | G14: =IFERROR(VALUE(SUBSTITUTE(INDEX('Paste BPG'!$A:$Z,MATCH($B14,'Paste BPG'!$C:$C,0),MATCH("BP HIBAH",'Paste BPG'!$3:$3,0)),".","")),0) -> 0 | H14: =IFERROR(VALUE(SUBSTITUTE(INDEX('Paste BPG'!$A:$Z,MATCH($B14,'Paste BPG'!$C:$C,0),MATCH("BP LAIN-LAIN",'Paste BPG'!$3:$3,0)),".","")),0) -> 0 | I14: =D14+E14+F14+G14+H14 -> 0 | J14: =D14 -> 0 | K14: =IFERROR(VALUE(SUBSTITUTE(INDEX('Paste BPG'!$A:$Z,MATCH($B14,'Paste BPG'!$C:$C,0),MATCH("KUITANSI",'Paste BPG'!$3:$3,0)),".","")),0) -> 0 | L14: =J14+K14 -> 0
A15: 8 | B15: 400484 | C15: PENGADILAN NEGERI BALE BANDUNG | D15: =IFERROR(VALUE(SUBSTITUTE(INDEX('Paste BPG'!$A:$Z,MATCH($B15,'Paste BPG'!$C:$C,0),MATCH("BP UP/TUP",'Paste BPG'!$3:$3,0)),".","")),0) -> 0 | E15: =IFERROR(VALUE(SUBSTITUTE(INDEX('Paste BPG'!$A:$Z,MATCH($B15,'Paste BPG'!$C:$C,0),MATCH("BP LS BENDAHARA",'Paste BPG'!$3:$3,0)),".","")),0) -> 0 | F15: =IFERROR(VALUE(SUBSTITUTE(INDEX('Paste BPG'!$A:$Z,MATCH($B15,'Paste BPG'!$C:$C,0),MATCH("BP PAJAK",'Paste BPG'!$3:$3,0)),".","")),0) -> 0 | G15: =IFERROR(VALUE(SUBSTITUTE(INDEX('Paste BPG'!$A:$Z,MATCH($B15,'Paste BPG'!$C:$C,0),MATCH("BP HIBAH",'Paste BPG'!$3:$3,0)),".","")),0) -> 0 | H15: =IFERROR(VALUE(SUBSTITUTE(INDEX('Paste BPG'!$A:$Z,MATCH($B15,'Paste BPG'!$C:$C,0),MATCH("BP LAIN-LAIN",'Paste BPG'!$3:$3,0)),".","")),0) -> 0 | I15: =D15+E15+F15+G15+H15 -> 0 | J15: =D15 -> 0 | K15: =IFERROR(VALUE(SUBSTITUTE(INDEX('Paste BPG'!$A:$Z,MATCH($B15,'Paste BPG'!$C:$C,0),MATCH("KUITANSI",'Paste BPG'!$3:$3,0)),".","")),0) -> 0 | L15: =J15+K15 -> 0
A16: 9 | B16: 400662 | C16: PENGADILAN AGAMA BANDUNG | D16: =IFERROR(VALUE(SUBSTITUTE(INDEX('Paste BPG'!$A:$Z,MATCH($B16,'Paste BPG'!$C:$C,0),MATCH("BP UP/TUP",'Paste BPG'!$3:$3,0)),".","")),0) -> 0 | E16: =IFERROR(VALUE(SUBSTITUTE(INDEX('Paste BPG'!$A:$Z,MATCH($B16,'Paste BPG'!$C:$C,0),MATCH("BP LS BENDAHARA",'Paste BPG'!$3:$3,0)),".","")),0) -> 0 | F16: =IFERROR(VALUE(SUBSTITUTE(INDEX('Paste BPG'!$A:$Z,MATCH($B16,'Paste BPG'!$C:$C,0),MATCH("BP PAJAK",'Paste BPG'!$3:$3,0)),".","")),0) -> 0 | G16: =IFERROR(VALUE(SUBSTITUTE(INDEX('Paste BPG'!$A:$Z,MATCH($B16,'Paste BPG'!$C:$C,0),MATCH("BP HIBAH",'Paste BPG'!$3:$3,0)),".","")),0) -> 0 | H16: =IFERROR(VALUE(SUBSTITUTE(INDEX('Paste BPG'!$A:$Z,MATCH($B16,'Paste BPG'!$C:$C,0),MATCH("BP LAIN-LAIN",'Paste BPG'!$3:$3,0)),".","")),0) -> 0 | I16: =D16+E16+F16+G16+H16 -> 0 | J16: =D16 -> 0 | K16: =IFERROR(VALUE(SUBSTITUTE(INDEX('Paste BPG'!$A:$Z,MATCH($B16,'Paste BPG'!$C:$C,0),MATCH("KUITANSI",'Paste BPG'!$3:$3,0)),".","")),0) -> 0 | L16: =J16+K16 -> 0
A17: 10 | B17: 400663 | C17: PENGADILAN AGAMA BANDUNG | D17: =IFERROR(VALUE(SUBSTITUTE(INDEX('Paste BPG'!$A:$Z,MATCH($B17,'Paste BPG'!$C:$C,0),MATCH("BP UP/TUP",'Paste BPG'!$3:$3,0)),".","")),0) -> 0 | E17: =IFERROR(VALUE(SUBSTITUTE(INDEX('Paste BPG'!$A:$Z,MATCH($B17,'Paste BPG'!$C:$C,0),MATCH("BP LS BENDAHARA",'Paste BPG'!$3:$3,0)),".","")),0) -> 0 | F17: =IFERROR(VALUE(SUBSTITUTE(INDEX('Paste BPG'!$A:$Z,MATCH($B17,'Paste BPG'!$C:$C,0),MATCH("BP PAJAK",'Paste BPG'!$3:$3,0)),".","")),0) -> 0 | G17: =IFERROR(VALUE(SUBSTITUTE(INDEX('Paste BPG'!$A:$Z,MATCH($B17,'Paste BPG'!$C:$C,0),MATCH("BP HIBAH",'Paste BPG'!$3:$3,0)),".","")),0) -> 0 | H17: =IFERROR(VALUE(SUBSTITUTE(INDEX('Paste BPG'!$A:$Z,MATCH($B17,'Paste BPG'!$C:$C,0),MATCH("BP LAIN-LAIN",'Paste BPG'!$3:$3,0)),".","")),0) -> 0 | I17: =D17+E17+F17+G17+H17 -> 0 | J17: =D17 -> 0 | K17: =IFERROR(VALUE(SUBSTITUTE(INDEX('Paste BPG'!$A:$Z,MATCH($B17,'Paste BPG'!$C:$C,0),MATCH("KUITANSI",'Paste BPG'!$3:$3,0)),".","")),0) -> 0 | L17: =J17+K17 -> 0
A18: 11 | B18: 401957 | C18: PENGADILAN AGAMA SOREANG | D18: =IFERROR(VALUE(SUBSTITUTE(INDEX('Paste BPG'!$A:$Z,MATCH($B18,'Paste BPG'!$C:$C,0),MATCH("BP UP/TUP",'Paste BPG'!$3:$3,0)),".","")),0) -> 0 | E18: =IFERROR(VALUE(SUBSTITUTE(INDEX('Paste BPG'!$A:$Z,MATCH($B18,'Paste BPG'!$C:$C,0),MATCH("BP LS BENDAHARA",'Paste BPG'!$3:$3,0)),".","")),0) -> 0 | F18: =IFERROR(VALUE(SUBSTITUTE(INDEX('Paste BPG'!$A:$Z,MATCH($B18,'Paste BPG'!$C:$C,0),MATCH("BP PAJAK",'Paste BPG'!$3:$3,0)),".","")),0) -> 0 | G18: =IFERROR(VALUE(SUBSTITUTE(INDEX('Paste BPG'!$A:$Z,MATCH($B18,'Paste BPG'!$C:$C,0),MATCH("BP HIBAH",'Paste BPG'!$3:$3,0)),".","")),0) -> 0 | H18: =IFERROR(VALUE(SUBSTITUTE(INDEX('Paste BPG'!$A:$Z,MATCH($B18,'Paste BPG'!$C:$C,0),MATCH("BP LAIN-LAIN",'Paste BPG'!$3:$3,0)),".","")),0) -> 0 | I18: =D18+E18+F18+G18+H18 -> 0 | J18: =D18 -> 0 | K18: =IFERROR(VALUE(SUBSTITUTE(INDEX('Paste BPG'!$A:$Z,MATCH($B18,'Paste BPG'!$C:$C,0),MATCH("KUITANSI",'Paste BPG'!$3:$3,0)),".","")),0) -> 0 | L18: =J18+K18 -> 0
A19: 12 | B19: 401958 | C19: PENGADILAN AGAMA CIMAHI | D19: =IFERROR(VALUE(SUBSTITUTE(INDEX('Paste BPG'!$A:$Z,MATCH($B19,'Paste BPG'!$C:$C,0),MATCH("BP UP/TUP",'Paste BPG'!$3:$3,0)),".","")),0) -> 0 | E19: =IFERROR(VALUE(SUBSTITUTE(INDEX('Paste BPG'!$A:$Z,MATCH($B19,'Paste BPG'!$C:$C,0),MATCH("BP LS BENDAHARA",'Paste BPG'!$3:$3,0)),".","")),0) -> 0 | F19: =IFERROR(VALUE(SUBSTITUTE(INDEX('Paste BPG'!$A:$Z,MATCH($B19,'Paste BPG'!$C:$C,0),MATCH("BP PAJAK",'Paste BPG'!$3:$3,0)),".","")),0) -> 0 | G19: =IFERROR(VALUE(SUBSTITUTE(INDEX('Paste BPG'!$A:$Z,MATCH($B19,'Paste BPG'!$C:$C,0),MATCH("BP HIBAH",'Paste BPG'!$3:$3,0)),".","")),0) -> 0 | H19: =IFERROR(VALUE(SUBSTITUTE(INDEX('Paste BPG'!$A:$Z,MATCH($B19,'Paste BPG'!$C:$C,0),MATCH("BP LAIN-LAIN",'Paste BPG'!$3:$3,0)),".","")),0) -> 0 | I19: =D19+E19+F19+G19+H19 -> 0 | J19: =D19 -> 0 | K19: =IFERROR(VALUE(SUBSTITUTE(INDEX('Paste BPG'!$A:$Z,MATCH($B19,'Paste BPG'!$C:$C,0),MATCH("KUITANSI",'Paste BPG'!$3:$3,0)),".","")),0) -> 0 | L19: =J19+K19 -> 0
... A27: 20 | B27: 663272 | C27: PENGADILAN MILITER II - 09 DI BANDUNG | D27: =IFERROR(VALUE(SUBSTITUTE(INDEX('Paste BPG'!$A:$Z,MATCH($B27,'Paste BPG'!$C:$C,0),MATCH("BP UP/TUP",'Paste BPG'!$3:$3,0)),".","")),0) -> 0 | E27: =IFERROR(VALUE(SUBSTITUTE(INDEX('Paste BPG'!$A:$Z,MATCH($B27,'Paste BPG'!$C:$C,0),MATCH("BP LS BENDAHARA",'Paste BPG'!$3:$3,0)),".","")),0) -> 0 | F27: =IFERROR(VALUE(SUBSTITUTE(INDEX('Paste BPG'!$A:$Z,MATCH($B27,'Paste BPG'!$C:$C,0),MATCH("BP PAJAK",'Paste BPG'!$3:$3,0)),".","")),0) -> 0 | G27: =IFERROR(VALUE(SUBSTITUTE(INDEX('Paste BPG'!$A:$Z,MATCH($B27,'Paste BPG'!$C:$C,0),MATCH("BP HIBAH",'Paste BPG'!$3:$3,0)),".","")),0) -> 0 | H27: =IFERROR(VALUE(SUBSTITUTE(INDEX('Paste BPG'!$A:$Z,MATCH($B27,'Paste BPG'!$C:$C,0),MATCH("BP LAIN-LAIN",'Paste BPG'!$3:$3,0)),".","")),0) -> 0 | I27: =D27+E27+F27+G27+H27 -> 0 | J27: =D27 -> 0 | K27: =IFERROR(VALUE(SUBSTITUTE(INDEX('Paste BPG'!$A:$Z,MATCH($B27,'Paste BPG'!$C:$C,0),MATCH("KUITANSI",'Paste BPG'!$3:$3,0)),".","")),0) -> 0 | L27: =J27+K27 -> 0
B28: 006 | C28: KEJAKSAAN REPUBLIK INDONESIA | D28: =SUM(D29+D30+D31+D32) -> 0 | E28: =SUM(E29+E30+E31+E32) -> 0 | F28: =SUM(F29+F30+F31+F32) -> 0 | G28: =SUM(G29+G30+G31+G32) -> 0 | H28: =SUM(H29+H30+H31+H32) -> 0 | I28: =D28+E28+F28+G28+H28 -> 0 | J28: =SUM(J29+J30+J31+J32) -> 0 | K28: =SUM(K29+K30+K31+K32) -> 0 | L28: =J28+K28 -> 0
A29: 21 | B29: 005083 | C29: KEJAKSAAN TINGGI JAWA BARAT | D29: =IFERROR(VALUE(SUBSTITUTE(INDEX('Paste BPG'!$A:$Z,MATCH($B29,'Paste BPG'!$C:$C,0),MATCH("BP UP/TUP",'Paste BPG'!$3:$3,0)),".","")),0) -> 0 | E29: =IFERROR(VALUE(SUBSTITUTE(INDEX('Paste BPG'!$A:$Z,MATCH($B29,'Paste BPG'!$C:$C,0),MATCH("BP LS BENDAHARA",'Paste BPG'!$3:$3,0)),".","")),0) -> 0 | F29: =IFERROR(VALUE(SUBSTITUTE(INDEX('Paste BPG'!$A:$Z,MATCH($B29,'Paste BPG'!$C:$C,0),MATCH("BP PAJAK",'Paste BPG'!$3:$3,0)),".","")),0) -> 0 | G29: =IFERROR(VALUE(SUBSTITUTE(INDEX('Paste BPG'!$A:$Z,MATCH($B29,'Paste BPG'!$C:$C,0),MATCH("BP HIBAH",'Paste BPG'!$3:$3,0)),".","")),0) -> 0 | H29: =IFERROR(VALUE(SUBSTITUTE(INDEX('Paste BPG'!$A:$Z,MATCH($B29,'Paste BPG'!$C:$C,0),MATCH("BP LAIN-LAIN",'Paste BPG'!$3:$3,0)),".","")),0) -> 0 | I29: =D29+E29+F29+G29+H29 -> 0 | J29: =D29 -> 0 | K29: =IFERROR(VALUE(SUBSTITUTE(INDEX('Paste BPG'!$A:$Z,MATCH($B29,'Paste BPG'!$C:$C,0),MATCH("KUITANSI",'Paste BPG'!$3:$3,0)),".","")),0) -> 0 | L29: =J29+K29 -> 0
A30: 22 | B30: 005090 | C30: KEJAKSAAN NEGERI KOTA BANDUNG | D30: =IFERROR(VALUE(SUBSTITUTE(INDEX('Paste BPG'!$A:$Z,MATCH($B30,'Paste BPG'!$C:$C,0),MATCH("BP UP/TUP",'Paste BPG'!$3:$3,0)),".","")),0) -> 0 | E30: =IFERROR(VALUE(SUBSTITUTE(INDEX('Paste BPG'!$A:$Z,MATCH($B30,'Paste BPG'!$C:$C,0),MATCH("BP LS BENDAHARA",'Paste BPG'!$3:$3,0)),".","")),0) -> 0 | F30: =IFERROR(VALUE(SUBSTITUTE(INDEX('Paste BPG'!$A:$Z,MATCH($B30,'Paste BPG'!$C:$C,0),MATCH("BP PAJAK",'Paste BPG'!$3:$3,0)),".","")),0) -> 0 | G30: =IFERROR(VALUE(SUBSTITUTE(INDEX('Paste BPG'!$A:$Z,MATCH($B30,'Paste BPG'!$C:$C,0),MATCH("BP HIBAH",'Paste BPG'!$3:$3,0)),".","")),0) -> 0 | H30: =IFERROR(VALUE(SUBSTITUTE(INDEX('Paste BPG'!$A:$Z,MATCH($B30,'Paste BPG'!$C:$C,0),MATCH("BP LAIN-LAIN",'Paste BPG'!$3:$3,0)),".","")),0) -> 0 | I30: =D30+E30+F30+G30+H30 -> 0 | J30: =D30 -> 0 | K30: =IFERROR(VALUE(SUBSTITUTE(INDEX('Paste BPG'!$A:$Z,MATCH($B30,'Paste BPG'!$C:$C,0),MATCH("KUITANSI",'Paste BPG'!$3:$3,0)),".","")),0) -> 0 | L30: =J30+K30 -> 0
A31: 23 | B31: 005105 | C31: KEJAKSAAN NEGERI KABUPATEN BANDUNG | D31: =IFERROR(VALUE(SUBSTITUTE(INDEX('Paste BPG'!$A:$Z,MATCH($B31,'Paste BPG'!$C:$C,0),MATCH("BP UP/TUP",'Paste BPG'!$3:$3,0)),".","")),0) -> 0 | E31: =IFERROR(VALUE(SUBSTITUTE(INDEX('Paste BPG'!$A:$Z,MATCH($B31,'Paste BPG'!$C:$C,0),MATCH("BP LS BENDAHARA",'Paste BPG'!$3:$3,0)),".","")),0) -> 0 | F31: =IFERROR(VALUE(SUBSTITUTE(INDEX('Paste BPG'!$A:$Z,MATCH($B31,'Paste BPG'!$C:$C,0),MATCH("BP PAJAK",'Paste BPG'!$3:$3,0)),".","")),0) -> 0 | G31: =IFERROR(VALUE(SUBSTITUTE(INDEX('Paste BPG'!$A:$Z,MATCH($B31,'Paste BPG'!$C:$C,0),MATCH("BP HIBAH",'Paste BPG'!$3:$3,0)),".","")),0) -> 0 | H31: =IFERROR(VALUE(SUBSTITUTE(INDEX('Paste BPG'!$A:$Z,MATCH($B31,'Paste BPG'!$C:$C,0),MATCH("BP LAIN-LAIN",'Paste BPG'!$3:$3,0)),".","")),0) -> 0 | I31: =D31+E31+F31+G31+H31 -> 0 | J31: =D31 -> 0 | K31: =IFERROR(VALUE(SUBSTITUTE(INDEX('Paste BPG'!$A:$Z,MATCH($B31,'Paste BPG'!$C:$C,0),MATCH("KUITANSI",'Paste BPG'!$3:$3,0)),".","")),0) -> 0 | L31: =J31+K31 -> 0
A32: 24 | B32: 683017 | C32: KEJAKSAAN NEGERI CIMAHI | D32: =IFERROR(VALUE(SUBSTITUTE(INDEX('Paste BPG'!$A:$Z,MATCH($B32,'Paste BPG'!$C:$C,0),MATCH("BP UP/TUP",'Paste BPG'!$3:$3,0)),".","")),0) -> 0 | E32: =IFERROR(VALUE(SUBSTITUTE(INDEX('Paste BPG'!$A:$Z,MATCH($B32,'Paste BPG'!$C:$C,0),MATCH("BP LS BENDAHARA",'Paste BPG'!$3:$3,0)),".","")),0) -> 0 | F32: =IFERROR(VALUE(SUBSTITUTE(INDEX('Paste BPG'!$A:$Z,MATCH($B32,'Paste BPG'!$C:$C,0),MATCH("BP PAJAK",'Paste BPG'!$3:$3,0)),".","")),0) -> 0 | G32: =IFERROR(VALUE(SUBSTITUTE(INDEX('Paste BPG'!$A:$Z,MATCH($B32,'Paste BPG'!$C:$C,0),MATCH("BP HIBAH",'Paste BPG'!$3:$3,0)),".","")),0) -> 0 | H32: =IFERROR(VALUE(SUBSTITUTE(INDEX('Paste BPG'!$A:$Z,MATCH($B32,'Paste BPG'!$C:$C,0),MATCH("BP LAIN-LAIN",'Paste BPG'!$3:$3,0)),".","")),0) -> 0 | I32: =D32+E32+F32+G32+H32 -> 0 | J32: =D32 -> 0 | K32: =IFERROR(VALUE(SUBSTITUTE(INDEX('Paste BPG'!$A:$Z,MATCH($B32,'Paste BPG'!$C:$C,0),MATCH("KUITANSI",'Paste BPG'!$3:$3,0)),".","")),0) -> 0 | L32: =J32+K32 -> 0
B33: 012 | C33: KEMENTERIAN PERTAHANAN | D33: =SUM(D34+D35+D36+D37+D38+D39+D40+D41+D42+D43+D44+D45+D46+D47+D48+D49+D50+D51+D52+D53+D54+D55+D56+D57+D58+D59+D60+D61+D62+D63+D64+D65+D66+D67+D68+D69+D70+D71+D72+D73+D74+D75+D76+D77+D78+D79+D80+D81+D82+D83+D84+D85) -> 0 | E33: =SUM(E34+E35+E36+E37+E38+E39+E40+E41+E42+E43+E44+E45+E46+E47+E48+E49+E50+E51+E52+E53+E54+E55+E56+E57+E58+E59+E60+E61+E62+E63+E64+E65+E66+E67+E68+E69+E70+E71+E72+E73+E74+E75+E76+E77+E78+E79+E80+E81+E82+E83+E84+E85) -> 0 | F33: =SUM(F34+F35+F36+F37+F38+F39+F40+F41+F42+F43+F44+F45+F46+F47+F48+F49+F50+F51+F52+F53+F54+F55+F56+F57+F58+F59+F60+F61+F62+F63+F64+F65+F66+F67+F68+F69+F70+F71+F72+F73+F74+F75+F76+F77+F78+F79+F80+F81+F82+F83+F84+F85) -> 0 | G33: =SUM(G34+G35+G36+G37+G38+G39+G40+G41+G42+G43+G44+G45+G46+G47+G48+G49+G50+G51+G52+G53+G54+G55+G56+G57+G58+G59+G60+G61+G62+G63+G64+G65+G66+G67+G68+G69+G70+G71+G72+G73+G74+G75+G76+G77+G78+G79+G80+G81+G82+G83+G84+G85) -> 0 | H33: =SUM(H34+H35+H36+H37+H38+H39+H40+H41+H42+H43+H44+H45+H46+H47+H48+H49+H50+H51+H52+H53+H54+H55+H56+H57+H58+H59+H60+H61+H62+H63+H64+H65+H66+H67+H68+H69+H70+H71+H72+H73+H74+H75+H76+H77+H78+H79+H80+H81+H82+H83+H84+H85) -> 0 | I33: =D33+E33+F33+G33+H33 -> 0 | J33: =SUM(J34+J35+J36+J37+J38+J39+J40+J41+J42+J43+J44+J45+J46+J47+J48+J49+J50+J51+J52+J53+J54+J55+J56+J57+J58+J59+J60+J61+J62+J63+J64+J65+J66+J67+J68+J69+J70+J71+J72+J73+J74+J75+J76+J77+J78+J79+J80+J81+J82+J83+J84+J85) -> 0 | K33: =SUM(K34+K35+K36+K37+K38+K39+K40+K41+K42+K43+K44+K45+K46+K47+K48+K49+K50+K51+K52+K53+K54+K55+K56+K57+K58+K59+K60+K61+K62+K63+K64+K65+K66+K67+K68+K69+K70+K71+K72+K73+K74+K75+K76+K77+K78+K79+K80+K81+K82+K83+K84+K85) -> 0 | L33: =J33+K33 -> 0
A34: 25 | B34: 344202 | C34: ZIDAM III/SLW | D34: =IFERROR(VALUE(SUBSTITUTE(INDEX('Paste BPG'!$A:$Z,MATCH($B34,'Paste BPG'!$C:$C,0),MATCH("BP UP/TUP",'Paste BPG'!$3:$3,0)),".","")),0) -> 0 | E34: =IFERROR(VALUE(SUBSTITUTE(INDEX('Paste BPG'!$A:$Z,MATCH($B34,'Paste BPG'!$C:$C,0),MATCH("BP LS BENDAHARA",'Paste BPG'!$3:$3,0)),".","")),0) -> 0 | F34: =IFERROR(VALUE(SUBSTITUTE(INDEX('Paste BPG'!$A:$Z,MATCH($B34,'Paste BPG'!$C:$C,0),MATCH("BP PAJAK",'Paste BPG'!$3:$3,0)),".","")),0) -> 0 | G34: =IFERROR(VALUE(SUBSTITUTE(INDEX('Paste BPG'!$A:$Z,MATCH($B34,'Paste BPG'!$C:$C,0),MATCH("BP HIBAH",'Paste BPG'!$3:$3,0)),".","")),0) -> 0 | H34: =IFERROR(VALUE(SUBSTITUTE(INDEX('Paste BPG'!$A:$Z,MATCH($B34,'Paste BPG'!$C:$C,0),MATCH("BP LAIN-LAIN",'Paste BPG'!$3:$3,0)),".","")),0) -> 0 | I34: =D34+E34+F34+G34+H34 -> 0 | J34: =D34 -> 0 | K34: =IFERROR(VALUE(SUBSTITUTE(INDEX('Paste BPG'!$A:$Z,MATCH($B34,'Paste BPG'!$C:$C,0),MATCH("KUITANSI",'Paste BPG'!$3:$3,0)),".","")),0) -> 0 | L34: =J34+K34 -> 0
A35: 26 | B35: 344203 | C35: BEKANGDAM III/SLW | D35: =IFERROR(VALUE(SUBSTITUTE(INDEX('Paste BPG'!$A:$Z,MATCH($B35,'Paste BPG'!$C:$C,0),MATCH("BP UP/TUP",'Paste BPG'!$3:$3,0)),".","")),0) -> 0 | E35: =IFERROR(VALUE(SUBSTITUTE(INDEX('Paste BPG'!$A:$Z,MATCH($B35,'Paste BPG'!$C:$C,0),MATCH("BP LS BENDAHARA",'Paste BPG'!$3:$3,0)),".","")),0) -> 0 | F35: =IFERROR(VALUE(SUBSTITUTE(INDEX('Paste BPG'!$A:$Z,MATCH($B35,'Paste BPG'!$C:$C,0),MATCH("BP PAJAK",'Paste BPG'!$3:$3,0)),".","")),0) -> 0 | G35: =IFERROR(VALUE(SUBSTITUTE(INDEX('Paste BPG'!$A:$Z,MATCH($B35,'Paste BPG'!$C:$C,0),MATCH("BP HIBAH",'Paste BPG'!$3:$3,0)),".","")),0) -> 0 | H35: =IFERROR(VALUE(SUBSTITUTE(INDEX('Paste BPG'!$A:$Z,MATCH($B35,'Paste BPG'!$C:$C,0),MATCH("BP LAIN-LAIN",'Paste BPG'!$3:$3,0)),".","")),0) -> 0 | I35: =D35+E35+F35+G35+H35 -> 0 | J35: =D35 -> 0 | K35: =IFERROR(VALUE(SUBSTITUTE(INDEX('Paste BPG'!$A:$Z,MATCH($B35,'Paste BPG'!$C:$C,0),MATCH("KUITANSI",'Paste BPG'!$3:$3,0)),".","")),0) -> 0 | L35: =J35+K35 -> 0
A36: 27 | B36: 344204 | C36: PALDAM III/SLW | D36: =IFERROR(VALUE(SUBSTITUTE(INDEX('Paste BPG'!$A:$Z,MATCH($B36,'Paste BPG'!$C:$C,0),MATCH("BP UP/TUP",'Paste BPG'!$3:$3,0)),".","")),0) -> 0 | E36: =IFERROR(VALUE(SUBSTITUTE(INDEX('Paste BPG'!$A:$Z,MATCH($B36,'Paste BPG'!$C:$C,0),MATCH("BP LS BENDAHARA",'Paste BPG'!$3:$3,0)),".","")),0) -> 0 | F36: =IFERROR(VALUE(SUBSTITUTE(INDEX('Paste BPG'!$A:$Z,MATCH($B36,'Paste BPG'!$C:$C,0),MATCH("BP PAJAK",'Paste BPG'!$3:$3,0)),".","")),0) -> 0 | G36: =IFERROR(VALUE(SUBSTITUTE(INDEX('Paste BPG'!$A:$Z,MATCH($B36,'Paste BPG'!$C:$C,0),MATCH("BP HIBAH",'Paste BPG'!$3:$3,0)),".","")),0) -> 0 | H36: =IFERROR(VALUE(SUBSTITUTE(INDEX('Paste BPG'!$A:$Z,MATCH($B36,'Paste BPG'!$C:$C,0),MATCH("BP LAIN-LAIN",'Paste BPG'!$3:$3,0)),".","")),0) -> 0 | I36: =D36+E36+F36+G36+H36 -> 0 | J36: =D36 -> 0 | K36: =IFERROR(VALUE(SUBSTITUTE(INDEX('Paste BPG'!$A:$Z,MATCH($B36,'Paste BPG'!$C:$C,0),MATCH("KUITANSI",'Paste BPG'!$3:$3,0)),".","")),0) -> 0 | L36: =J36+K36 -> 0
A37: 28 | B37: 344205 | C37: HUBDAM III/SLW | D37: =IFERROR(VALUE(SUBSTITUTE(INDEX('Paste BPG'!$A:$Z,MATCH($B37,'Paste BPG'!$C:$C,0),MATCH("BP UP/TUP",'Paste BPG'!$3:$3,0)),".","")),0) -> 0 | E37: =IFERROR(VALUE(SUBSTITUTE(INDEX('Paste BPG'!$A:$Z,MATCH($B37,'Paste BPG'!$C:$C,0),MATCH("BP LS BENDAHARA",'Paste BPG'!$3:$3,0)),".","")),0) -> 0 | F37: =IFERROR(VALUE(SUBSTITUTE(INDEX('Paste BPG'!$A:$Z,MATCH($B37,'Paste BPG'!$C:$C,0),MATCH("BP PAJAK",'Paste BPG'!$3:$3,0)),".","")),0) -> 0 | G37: =IFERROR(VALUE(SUBSTITUTE(INDEX('Paste BPG'!$A:$Z,MATCH($B37,'Paste BPG'!$C:$C,0),MATCH("BP HIBAH",'Paste BPG'!$3:$3,0)),".","")),0) -> 0 | H37: =IFERROR(VALUE(SUBSTITUTE(INDEX('Paste BPG'!$A:$Z,MATCH($B37,'Paste BPG'!$C:$C,0),MATCH("BP LAIN-LAIN",'Paste BPG'!$3:$3,0)),".","")),0) -> 0 | I37: =D37+E37+F37+G37+H37 -> 0 | J37: =D37 -> 0 | K37: =IFERROR(VALUE(SUBSTITUTE(INDEX('Paste BPG'!$A:$Z,MATCH($B37,'Paste BPG'!$C:$C,0),MATCH("KUITANSI",'Paste BPG'!$3:$3,0)),".","")),0) -> 0 | L37: =J37+K37 -> 0
A38: 29 | B38: 344206 | C38: KESDAM III/SLW | D38: =IFERROR(VALUE(SUBSTITUTE(INDEX('Paste BPG'!$A:$Z,MATCH($B38,'Paste BPG'!$C:$C,0),MATCH("BP UP/TUP",'Paste BPG'!$3:$3,0)),".","")),0) -> 0 | E38: =IFERROR(VALUE(SUBSTITUTE(INDEX('Paste BPG'!$A:$Z,MATCH($B38,'Paste BPG'!$C:$C,0),MATCH("BP LS BENDAHARA",'Paste BPG'!$3:$3,0)),".","")),0) -> 0 | F38: =IFERROR(VALUE(SUBSTITUTE(INDEX('Paste BPG'!$A:$Z,MATCH($B38,'Paste BPG'!$C:$C,0),MATCH("BP PAJAK",'Paste BPG'!$3:$3,0)),".","")),0) -> 0 | G38: =IFERROR(VALUE(SUBSTITUTE(INDEX('Paste BPG'!$A:$Z,MATCH($B38,'Paste BPG'!$C:$C,0),MATCH("BP HIBAH",'Paste BPG'!$3:$3,0)),".","")),0) -> 0 | H38: =IFERROR(VALUE(SUBSTITUTE(INDEX('Paste BPG'!$A:$Z,MATCH($B38,'Paste BPG'!$C:$C,0),MATCH("BP LAIN-LAIN",'Paste BPG'!$3:$3,0)),".","")),0) -> 0 | I38: =D38+E38+F38+G38+H38 -> 0 | J38: =D38 -> 0 | K38: =IFERROR(VALUE(SUBSTITUTE(INDEX('Paste BPG'!$A:$Z,MATCH($B38,'Paste BPG'!$C:$C,0),MATCH("KUITANSI",'Paste BPG'!$3:$3,0)),".","")),0) -> 0 | L38: =J38+K38 -> 0
A39: 30 | B39: 344215 | C39: RINDAM III/SLW | D39: =IFERROR(VALUE(SUBSTITUTE(INDEX('Paste BPG'!$A:$Z,MATCH($B39,'Paste BPG'!$C:$C,0),MATCH("BP UP/TUP",'Paste BPG'!$3:$3,0)),".","")),0) -> 0 | E39: =IFERROR(VALUE(SUBSTITUTE(INDEX('Paste BPG'!$A:$Z,MATCH($B39,'Paste BPG'!$C:$C,0),MATCH("BP LS BENDAHARA",'Paste BPG'!$3:$3,0)),".","")),0) -> 0 | F39: =IFERROR(VALUE(SUBSTITUTE(INDEX('Paste BPG'!$A:$Z,MATCH($B39,'Paste BPG'!$C:$C,0),MATCH("BP PAJAK",'Paste BPG'!$3:$3,0)),".","")),0) -> 0 | G39: =IFERROR(VALUE(SUBSTITUTE(INDEX('Paste BPG'!$A:$Z,MATCH($B39,'Paste BPG'!$C:$C,0),MATCH("BP HIBAH",'Paste BPG'!$3:$3,0)),".","")),0) -> 0 | H39: =IFERROR(VALUE(SUBSTITUTE(INDEX('Paste BPG'!$A:$Z,MATCH($B39,'Paste BPG'!$C:$C,0),MATCH("BP LAIN-LAIN",'Paste BPG'!$3:$3,0)),".","")),0) -> 0 | I39: =D39+E39+F39+G39+H39 -> 0 | J39: =D39 -> 0 | K39: =IFERROR(VALUE(SUBSTITUTE(INDEX('Paste BPG'!$A:$Z,MATCH($B39,'Paste BPG'!$C:$C,0),MATCH("KUITANSI",'Paste BPG'!$3:$3,0)),".","")),0) -> 0 | L39: =J39+K39 -> 0
A40: 31 | B40: 344221 | C40: BRIGIF-15 /KJ DAM III/SLW | D40: =IFERROR(VALUE(SUBSTITUTE(INDEX('Paste BPG'!$A:$Z,MATCH($B40,'Paste BPG'!$C:$C,0),MATCH("BP UP/TUP",'Paste BPG'!$3:$3,0)),".","")),0) -> 0 | E40: =IFERROR(VALUE(SUBSTITUTE(INDEX('Paste BPG'!$A:$Z,MATCH($B40,'Paste BPG'!$C:$C,0),MATCH("BP LS BENDAHARA",'Paste BPG'!$3:$3,0)),".","")),0) -> 0 | F40: =IFERROR(VALUE(SUBSTITUTE(INDEX('Paste BPG'!$A:$Z,MATCH($B40,'Paste BPG'!$C:$C,0),MATCH("BP PAJAK",'Paste BPG'!$3:$3,0)),".","")),0) -> 0 | G40: =IFERROR(VALUE(SUBSTITUTE(INDEX('Paste BPG'!$A:$Z,MATCH($B40,'Paste BPG'!$C:$C,0),MATCH("BP HIBAH",'Paste BPG'!$3:$3,0)),".","")),0) -> 0 | H40: =IFERROR(VALUE(SUBSTITUTE(INDEX('Paste BPG'!$A:$Z,MATCH($B40,'Paste BPG'!$C:$C,0),MATCH("BP LAIN-LAIN",'Paste BPG'!$3:$3,0)),".","")),0) -> 0 | I40: =D40+E40+F40+G40+H40 -> 0 | J40: =D40 -> 0 | K40: =IFERROR(VALUE(SUBSTITUTE(INDEX('Paste BPG'!$A:$Z,MATCH($B40,'Paste BPG'!$C:$C,0),MATCH("KUITANSI",'Paste BPG'!$3:$3,0)),".","")),0) -> 0 | L40: =J40+K40 -> 0
A41: 32 | B41: 344507 | C41: SESKOAD | D41: =IFERROR(VALUE(SUBSTITUTE(INDEX('Paste BPG'!$A:$Z,MATCH($B41,'Paste BPG'!$C:$C,0),MATCH("BP UP/TUP",'Paste BPG'!$3:$3,0)),".","")),0) -> 0 | E41: =IFERROR(VALUE(SUBSTITUTE(INDEX('Paste BPG'!$A:$Z,MATCH($B41,'Paste BPG'!$C:$C,0),MATCH("BP LS BENDAHARA",'Paste BPG'!$3:$3,0)),".","")),0) -> 0 | F41: =IFERROR(VALUE(SUBSTITUTE(INDEX('Paste BPG'!$A:$Z,MATCH($B41,'Paste BPG'!$C:$C,0),MATCH("BP PAJAK",'Paste BPG'!$3:$3,0)),".","")),0) -> 0 | G41: =IFERROR(VALUE(SUBSTITUTE(INDEX('Paste BPG'!$A:$Z,MATCH($B41,'Paste BPG'!$C:$C,0),MATCH("BP HIBAH",'Paste BPG'!$3:$3,0)),".","")),0) -> 0 | H41: =IFERROR(VALUE(SUBSTITUTE(INDEX('Paste BPG'!$A:$Z,MATCH($B41,'Paste BPG'!$C:$C,0),MATCH("BP LAIN-LAIN",'Paste BPG'!$3:$3,0)),".","")),0) -> 0 | I41: =D41+E41+F41+G41+H41 -> 0 | J41: =D41 -> 0 | K41: =IFERROR(VALUE(SUBSTITUTE(INDEX('Paste BPG'!$A:$Z,MATCH($B41,'Paste BPG'!$C:$C,0),MATCH("KUITANSI",'Paste BPG'!$3:$3,0)),".","")),0) -> 0 | L41: =J41+K41 -> 0
A42: 33 | B42: 344513 | C42: SECAPA AD | D42: =IFERROR(VALUE(SUBSTITUTE(INDEX('Paste BPG'!$A:$Z,MATCH($B42,'Paste BPG'!$C:$C,0),MATCH("BP UP/TUP",'Paste BPG'!$3:$3,0)),".","")),0) -> 0 | E42: =IFERROR(VALUE(SUBSTITUTE(INDEX('Paste BPG'!$A:$Z,MATCH($B42,'Paste BPG'!$C:$C,0),MATCH("BP LS BENDAHARA",'Paste BPG'!$3:$3,0)),".","")),0) -> 0 | F42: =IFERROR(VALUE(SUBSTITUTE(INDEX('Paste BPG'!$A:$Z,MATCH($B42,'Paste BPG'!$C:$C,0),MATCH("BP PAJAK",'Paste BPG'!$3:$3,0)),".","")),0) -> 0 | G42: =IFERROR(VALUE(SUBSTITUTE(INDEX('Paste BPG'!$A:$Z,MATCH($B42,'Paste BPG'!$C:$C,0),MATCH("BP HIBAH",'Paste BPG'!$3:$3,0)),".","")),0) -> 0 | H42: =IFERROR(VALUE(SUBSTITUTE(INDEX('Paste BPG'!$A:$Z,MATCH($B42,'Paste BPG'!$C:$C,0),MATCH("BP LAIN-LAIN",'Paste BPG'!$3:$3,0)),".","")),0) -> 0 | I42: =D42+E42+F42+G42+H42 -> 0 | J42: =D42 -> 0 | K42: =IFERROR(VALUE(SUBSTITUTE(INDEX('Paste BPG'!$A:$Z,MATCH($B42,'Paste BPG'!$C:$C,0),MATCH("KUITANSI",'Paste BPG'!$3:$3,0)),".","")),0) -> 0 | L42: =J42+K42 -> 0
A43: 34 | B43: 344519 | C43: DITAJENAD | D43: =IFERROR(VALUE(SUBSTITUTE(INDEX('Paste BPG'!$A:$Z,MATCH($B43,'Paste BPG'!$C:$C,0),MATCH("BP UP/TUP",'Paste BPG'!$3:$3,0)),".","")),0) -> 0 | E43: =IFERROR(VALUE(SUBSTITUTE(INDEX('Paste BPG'!$A:$Z,MATCH($B43,'Paste BPG'!$C:$C,0),MATCH("BP LS BENDAHARA",'Paste BPG'!$3:$3,0)),".","")),0) -> 0 | F43: =IFERROR(VALUE(SUBSTITUTE(INDEX('Paste BPG'!$A:$Z,MATCH($B43,'Paste BPG'!$C:$C,0),MATCH("BP PAJAK",'Paste BPG'!$3:$3,0)),".","")),0) -> 0 | G43: =IFERROR(VALUE(SUBSTITUTE(INDEX('Paste BPG'!$A:$Z,MATCH($B43,'Paste BPG'!$C:$C,0),MATCH("BP HIBAH",'Paste BPG'!$3:$3,0)),".","")),0) -> 0 | H43: =IFERROR(VALUE(SUBSTITUTE(INDEX('Paste BPG'!$A:$Z,MATCH($B43,'Paste BPG'!$C:$C,0),MATCH("BP LAIN-LAIN",'Paste BPG'!$3:$3,0)),".","")),0) -> 0 | I43: =D43+E43+F43+G43+H43 -> 0 | J43: =D43 -> 0 | K43: =IFERROR(VALUE(SUBSTITUTE(INDEX('Paste BPG'!$A:$Z,MATCH($B43,'Paste BPG'!$C:$C,0),MATCH("KUITANSI",'Paste BPG'!$3:$3,0)),".","")),0) -> 0 | L43: =J43+K43 -> 0
A44: 35 | B44: 344525 | C44: DISPSIAD | D44: =IFERROR(VALUE(SUBSTITUTE(INDEX('Paste BPG'!$A:$Z,MATCH($B44,'Paste BPG'!$C:$C,0),MATCH("BP UP/TUP",'Paste BPG'!$3:$3,0)),".","")),0) -> 0 | E44: =IFERROR(VALUE(SUBSTITUTE(INDEX('Paste BPG'!$A:$Z,MATCH($B44,'Paste BPG'!$C:$C,0),MATCH("BP LS BENDAHARA",'Paste BPG'!$3:$3,0)),".","")),0) -> 0 | F44: =IFERROR(VALUE(SUBSTITUTE(INDEX('Paste BPG'!$A:$Z,MATCH($B44,'Paste BPG'!$C:$C,0),MATCH("BP PAJAK",'Paste BPG'!$3:$3,0)),".","")),0) -> 0 | G44: =IFERROR(VALUE(SUBSTITUTE(INDEX('Paste BPG'!$A:$Z,MATCH($B44,'Paste BPG'!$C:$C,0),MATCH("BP HIBAH",'Paste BPG'!$3:$3,0)),".","")),0) -> 0 | H44: =IFERROR(VALUE(SUBSTITUTE(INDEX('Paste BPG'!$A:$Z,MATCH($B44,'Paste BPG'!$C:$C,0),MATCH("BP LAIN-LAIN",'Paste BPG'!$3:$3,0)),".","")),0) -> 0 | I44: =D44+E44+F44+G44+H44 -> 0 | J44: =D44 -> 0 | K44: =IFERROR(VALUE(SUBSTITUTE(INDEX('Paste BPG'!$A:$Z,MATCH($B44,'Paste BPG'!$C:$C,0),MATCH("KUITANSI",'Paste BPG'!$3:$3,0)),".","")),0) -> 0 | L44: =J44+K44 -> 0
A45: 36 | B45: 344528 | C45: DISJASAD | D45: =IFERROR(VALUE(SUBSTITUTE(INDEX('Paste BPG'!$A:$Z,MATCH($B45,'Paste BPG'!$C:$C,0),MATCH("BP UP/TUP",'Paste BPG'!$3:$3,0)),".","")),0) -> 0 | E45: =IFERROR(VALUE(SUBSTITUTE(INDEX('Paste BPG'!$A:$Z,MATCH($B45,'Paste BPG'!$C:$C,0),MATCH("BP LS BENDAHARA",'Paste BPG'!$3:$3,0)),".","")),0) -> 0 | F45: =IFERROR(VALUE(SUBSTITUTE(INDEX('Paste BPG'!$A:$Z,MATCH($B45,'Paste BPG'!$C:$C,0),MATCH("BP PAJAK",'Paste BPG'!$3:$3,0)),".","")),0) -> 0 | G45: =IFERROR(VALUE(SUBSTITUTE(INDEX('Paste BPG'!$A:$Z,MATCH($B45,'Paste BPG'!$C:$C,0),MATCH("BP HIBAH",'Paste BPG'!$3:$3,0)),".","")),0) -> 0 | H45: =IFERROR(VALUE(SUBSTITUTE(INDEX('Paste BPG'!$A:$Z,MATCH($B45,'Paste BPG'!$C:$C,0),MATCH("BP LAIN-LAIN",'Paste BPG'!$3:$3,0)),".","")),0) -> 0 | I45: =D45+E45+F45+G45+H45 -> 0 | J45: =D45 -> 0 | K45: =IFERROR(VALUE(SUBSTITUTE(INDEX('Paste BPG'!$A:$Z,MATCH($B45,'Paste BPG'!$C:$C,0),MATCH("KUITANSI",'Paste BPG'!$3:$3,0)),".","")),0) -> 0 | L45: =J45+K45 -> 0
... A57: 48 | B57: 344872 | C57: DENMA KORPASKHAS | D57: =IFERROR(VALUE(SUBSTITUTE(INDEX('Paste BPG'!$A:$Z,MATCH($B57,'Paste BPG'!$C:$C,0),MATCH("BP UP/TUP",'Paste BPG'!$3:$3,0)),".","")),0) -> 0 | E57: =IFERROR(VALUE(SUBSTITUTE(INDEX('Paste BPG'!$A:$Z,MATCH($B57,'Paste BPG'!$C:$C,0),MATCH("BP LS BENDAHARA",'Paste BPG'!$3:$3,0)),".","")),0) -> 0 | F57: =IFERROR(VALUE(SUBSTITUTE(INDEX('Paste BPG'!$A:$Z,MATCH($B57,'Paste BPG'!$C:$C,0),MATCH("BP PAJAK",'Paste BPG'!$3:$3,0)),".","")),0) -> 0 | G57: =IFERROR(VALUE(SUBSTITUTE(INDEX('Paste BPG'!$A:$Z,MATCH($B57,'Paste BPG'!$C:$C,0),MATCH("BP HIBAH",'Paste BPG'!$3:$3,0)),".","")),0) -> 0 | H57: =IFERROR(VALUE(SUBSTITUTE(INDEX('Paste BPG'!$A:$Z,MATCH($B57,'Paste BPG'!$C:$C,0),MATCH("BP LAIN-LAIN",'Paste BPG'!$3:$3,0)),".","")),0) -> 0 | I57: =D57+E57+F57+G57+H57 -> 0 | J57: =D57 -> 0 | K57: =IFERROR(VALUE(SUBSTITUTE(INDEX('Paste BPG'!$A:$Z,MATCH($B57,'Paste BPG'!$C:$C,0),MATCH("KUITANSI",'Paste BPG'!$3:$3,0)),".","")),0) -> 0 | L57: =J57+K57 -> 0
A58: 49 | B58: 344896 | C58: RUMKIT TK. IV 03.07.03 SARININGSIH BANDUNG KESDAM III/SLW | D58: =IFERROR(VALUE(SUBSTITUTE(INDEX('Paste BPG'!$A:$Z,MATCH($B58,'Paste BPG'!$C:$C,0),MATCH("BP UP/TUP",'Paste BPG'!$3:$3,0)),".","")),0) -> 0 | E58: =IFERROR(VALUE(SUBSTITUTE(INDEX('Paste BPG'!$A:$Z,MATCH($B58,'Paste BPG'!$C:$C,0),MATCH("BP LS BENDAHARA",'Paste BPG'!$3:$3,0)),".","")),0) -> 0 | F58: =IFERROR(VALUE(SUBSTITUTE(INDEX('Paste BPG'!$A:$Z,MATCH($B58,'Paste BPG'!$C:$C,0),MATCH("BP PAJAK",'Paste BPG'!$3:$3,0)),".","")),0) -> 0 | G58: =IFERROR(VALUE(SUBSTITUTE(INDEX('Paste BPG'!$A:$Z,MATCH($B58,'Paste BPG'!$C:$C,0),MATCH("BP HIBAH",'Paste BPG'!$3:$3,0)),".","")),0) -> 0 | H58: =IFERROR(VALUE(SUBSTITUTE(INDEX('Paste BPG'!$A:$Z,MATCH($B58,'Paste BPG'!$C:$C,0),MATCH("BP LAIN-LAIN",'Paste BPG'!$3:$3,0)),".","")),0) -> 0 | I58: =D58+E58+F58+G58+H58 -> 0 | J58: =D58 -> 0 | K58: =IFERROR(VALUE(SUBSTITUTE(INDEX('Paste BPG'!$A:$Z,MATCH($B58,'Paste BPG'!$C:$C,0),MATCH("KUITANSI",'Paste BPG'!$3:$3,0)),".","")),0) -> 0
A59: 50 | B59: 684288 | C59: SESKO TNI | D59: =IFERROR(VALUE(SUBSTITUTE(INDEX('Paste BPG'!$A:$Z,MATCH($B59,'Paste BPG'!$C:$C,0),MATCH("BP UP/TUP",'Paste BPG'!$3:$3,0)),".","")),0) -> 0 | E59: =IFERROR(VALUE(SUBSTITUTE(INDEX('Paste BPG'!$A:$Z,MATCH($B59,'Paste BPG'!$C:$C,0),MATCH("BP LS BENDAHARA",'Paste BPG'!$3:$3,0)),".","")),0) -> 0 | F59: =IFERROR(VALUE(SUBSTITUTE(INDEX('Paste BPG'!$A:$Z,MATCH($B59,'Paste BPG'!$C:$C,0),MATCH("BP PAJAK",'Paste BPG'!$3:$3,0)),".","")),0) -> 0 | G59: =IFERROR(VALUE(SUBSTITUTE(INDEX('Paste BPG'!$A:$Z,MATCH($B59,'Paste BPG'!$C:$C,0),MATCH("BP HIBAH",'Paste BPG'!$3:$3,0)),".","")),0) -> 0 | H59: =IFERROR(VALUE(SUBSTITUTE(INDEX('Paste BPG'!$A:$Z,MATCH($B59,'Paste BPG'!$C:$C,0),MATCH("BP LAIN-LAIN",'Paste BPG'!$3:$3,0)),".","")),0) -> 0 | I59: =D59+E59+F59+G59+H59 -> 0 | J59: =D59 -> 0 | K59: =IFERROR(VALUE(SUBSTITUTE(INDEX('Paste BPG'!$A:$Z,MATCH($B59,'Paste BPG'!$C:$C,0),MATCH("KUITANSI",'Paste BPG'!$3:$3,0)),".","")),0) -> 0 | L59: =J59+K59 -> 0
A60: 51 | B60: 684292 | C60: KOGARTAP II/BDG | D60: =IFERROR(VALUE(SUBSTITUTE(INDEX('Paste BPG'!$A:$Z,MATCH($B60,'Paste BPG'!$C:$C,0),MATCH("BP UP/TUP",'Paste BPG'!$3:$3,0)),".","")),0) -> 0 | E60: =IFERROR(VALUE(SUBSTITUTE(INDEX('Paste BPG'!$A:$Z,MATCH($B60,'Paste BPG'!$C:$C,0),MATCH("BP LS BENDAHARA",'Paste BPG'!$3:$3,0)),".","")),0) -> 0 | F60: =IFERROR(VALUE(SUBSTITUTE(INDEX('Paste BPG'!$A:$Z,MATCH($B60,'Paste BPG'!$C:$C,0),MATCH("BP PAJAK",'Paste BPG'!$3:$3,0)),".","")),0) -> 0 | G60: =IFERROR(VALUE(SUBSTITUTE(INDEX('Paste BPG'!$A:$Z,MATCH($B60,'Paste BPG'!$C:$C,0),MATCH("BP HIBAH",'Paste BPG'!$3:$3,0)),".","")),0) -> 0 | H60: =IFERROR(VALUE(SUBSTITUTE(INDEX('Paste BPG'!$A:$Z,MATCH($B60,'Paste BPG'!$C:$C,0),MATCH("BP LAIN-LAIN",'Paste BPG'!$3:$3,0)),".","")),0) -> 0 | I60: =D60+E60+F60+G60+H60 -> 0 | J60: =D60 -> 0 | K60: =IFERROR(VALUE(SUBSTITUTE(INDEX('Paste BPG'!$A:$Z,MATCH($B60,'Paste BPG'!$C:$C,0),MATCH("KUITANSI",'Paste BPG'!$3:$3,0)),".","")),0) -> 0 | L60: =J60+K60 -> 0
A61: 52 | B61: 684932 | C61: MAKODIKLAT | D61: =IFERROR(VALUE(SUBSTITUTE(INDEX('Paste BPG'!$A:$Z,MATCH($B61,'Paste BPG'!$C:$C,0),MATCH("BP UP/TUP",'Paste BPG'!$3:$3,0)),".","")),0) -> 0 | E61: =IFERROR(VALUE(SUBSTITUTE(INDEX('Paste BPG'!$A:$Z,MATCH($B61,'Paste BPG'!$C:$C,0),MATCH("BP LS BENDAHARA",'Paste BPG'!$3:$3,0)),".","")),0) -> 0 | F61: =IFERROR(VALUE(SUBSTITUTE(INDEX('Paste BPG'!$A:$Z,MATCH($B61,'Paste BPG'!$C:$C,0),MATCH("BP PAJAK",'Paste BPG'!$3:$3,0)),".","")),0) -> 0 | G61: =IFERROR(VALUE(SUBSTITUTE(INDEX('Paste BPG'!$A:$Z,MATCH($B61,'Paste BPG'!$C:$C,0),MATCH("BP HIBAH",'Paste BPG'!$3:$3,0)),".","")),0) -> 0 | H61: =IFERROR(VALUE(SUBSTITUTE(INDEX('Paste BPG'!$A:$Z,MATCH($B61,'Paste BPG'!$C:$C,0),MATCH("BP LAIN-LAIN",'Paste BPG'!$3:$3,0)),".","")),0) -> 0 | I61: =D61+E61+F61+G61+H61 -> 0 | J61: =D61 -> 0 | K61: =IFERROR(VALUE(SUBSTITUTE(INDEX('Paste BPG'!$A:$Z,MATCH($B61,'Paste BPG'!$C:$C,0),MATCH("KUITANSI",'Paste BPG'!$3:$3,0)),".","")),0) -> 0 | L61: =J61+K61 -> 0
A62: 53 | B62: 684949 | C62: PUSSENIF | D62: =IFERROR(VALUE(SUBSTITUTE(INDEX('Paste BPG'!$A:$Z,MATCH($B62,'Paste BPG'!$C:$C,0),MATCH("BP UP/TUP",'Paste BPG'!$3:$3,0)),".","")),0) -> 0 | E62: =IFERROR(VALUE(SUBSTITUTE(INDEX('Paste BPG'!$A:$Z,MATCH($B62,'Paste BPG'!$C:$C,0),MATCH("BP LS BENDAHARA",'Paste BPG'!$3:$3,0)),".","")),0) -> 0 | F62: =IFERROR(VALUE(SUBSTITUTE(INDEX('Paste BPG'!$A:$Z,MATCH($B62,'Paste BPG'!$C:$C,0),MATCH("BP PAJAK",'Paste BPG'!$3:$3,0)),".","")),0) -> 0 | G62: =IFERROR(VALUE(SUBSTITUTE(INDEX('Paste BPG'!$A:$Z,MATCH($B62,'Paste BPG'!$C:$C,0),MATCH("BP HIBAH",'Paste BPG'!$3:$3,0)),".","")),0) -> 0 | H62: =IFERROR(VALUE(SUBSTITUTE(INDEX('Paste BPG'!$A:$Z,MATCH($B62,'Paste BPG'!$C:$C,0),MATCH("BP LAIN-LAIN",'Paste BPG'!$3:$3,0)),".","")),0) -> 0 | I62: =D62+E62+F62+G62+H62 -> 0 | J62: =D62 -> 0 | K62: =IFERROR(VALUE(SUBSTITUTE(INDEX('Paste BPG'!$A:$Z,MATCH($B62,'Paste BPG'!$C:$C,0),MATCH("KUITANSI",'Paste BPG'!$3:$3,0)),".","")),0) -> 0 | L62: =J62+K62 -> 0
A63: 54 | B63: 684953 | C63: PUSSENKAV | D63: =IFERROR(VALUE(SUBSTITUTE(INDEX('Paste BPG'!$A:$Z,MATCH($B63,'Paste BPG'!$C:$C,0),MATCH("BP UP/TUP",'Paste BPG'!$3:$3,0)),".","")),0) -> 0 | E63: =IFERROR(VALUE(SUBSTITUTE(INDEX('Paste BPG'!$A:$Z,MATCH($B63,'Paste BPG'!$C:$C,0),MATCH("BP LS BENDAHARA",'Paste BPG'!$3:$3,0)),".","")),0) -> 0 | F63: =IFERROR(VALUE(SUBSTITUTE(INDEX('Paste BPG'!$A:$Z,MATCH($B63,'Paste BPG'!$C:$C,0),MATCH("BP PAJAK",'Paste BPG'!$3:$3,0)),".","")),0) -> 0 | G63: =IFERROR(VALUE(SUBSTITUTE(INDEX('Paste BPG'!$A:$Z,MATCH($B63,'Paste BPG'!$C:$C,0),MATCH("BP HIBAH",'Paste BPG'!$3:$3,0)),".","")),0) -> 0 | H63: =IFERROR(VALUE(SUBSTITUTE(INDEX('Paste BPG'!$A:$Z,MATCH($B63,'Paste BPG'!$C:$C,0),MATCH("BP LAIN-LAIN",'Paste BPG'!$3:$3,0)),".","")),0) -> 0 | I63: =D63+E63+F63+G63+H63 -> 0 | J63: =D63 -> 0 | K63: =IFERROR(VALUE(SUBSTITUTE(INDEX('Paste BPG'!$A:$Z,MATCH($B63,'Paste BPG'!$C:$C,0),MATCH("KUITANSI",'Paste BPG'!$3:$3,0)),".","")),0) -> 0 | L63: =J63+K63 -> 0
A64: 55 | B64: 684960 | C64: PUSSENARMED | D64: =IFERROR(VALUE(SUBSTITUTE(INDEX('Paste BPG'!$A:$Z,MATCH($B64,'Paste BPG'!$C:$C,0),MATCH("BP UP/TUP",'Paste BPG'!$3:$3,0)),".","")),0) -> 0 | E64: =IFERROR(VALUE(SUBSTITUTE(INDEX('Paste BPG'!$A:$Z,MATCH($B64,'Paste BPG'!$C:$C,0),MATCH("BP LS BENDAHARA",'Paste BPG'!$3:$3,0)),".","")),0) -> 0 | F64: =IFERROR(VALUE(SUBSTITUTE(INDEX('Paste BPG'!$A:$Z,MATCH($B64,'Paste BPG'!$C:$C,0),MATCH("BP PAJAK",'Paste BPG'!$3:$3,0)),".","")),0) -> 0 | G64: =IFERROR(VALUE(SUBSTITUTE(INDEX('Paste BPG'!$A:$Z,MATCH($B64,'Paste BPG'!$C:$C,0),MATCH("BP HIBAH",'Paste BPG'!$3:$3,0)),".","")),0) -> 0 | H64: =IFERROR(VALUE(SUBSTITUTE(INDEX('Paste BPG'!$A:$Z,MATCH($B64,'Paste BPG'!$C:$C,0),MATCH("BP LAIN-LAIN",'Paste BPG'!$3:$3,0)),".","")),0) -> 0 | I64: =D64+E64+F64+G64+H64 -> 0 | J64: =D64 -> 0 | K64: =IFERROR(VALUE(SUBSTITUTE(INDEX('Paste BPG'!$A:$Z,MATCH($B64,'Paste BPG'!$C:$C,0),MATCH("KUITANSI",'Paste BPG'!$3:$3,0)),".","")),0) -> 0 | L64: =J64+K64 -> 0
A65: 56 | B65: 684974 | C65: PUSSENARHANUD | D65: =IFERROR(VALUE(SUBSTITUTE(INDEX('Paste BPG'!$A:$Z,MATCH($B65,'Paste BPG'!$C:$C,0),MATCH("BP UP/TUP",'Paste BPG'!$3:$3,0)),".","")),0) -> 0 | E65: =IFERROR(VALUE(SUBSTITUTE(INDEX('Paste BPG'!$A:$Z,MATCH($B65,'Paste BPG'!$C:$C,0),MATCH("BP LS BENDAHARA",'Paste BPG'!$3:$3,0)),".","")),0) -> 0 | F65: =IFERROR(VALUE(SUBSTITUTE(INDEX('Paste BPG'!$A:$Z,MATCH($B65,'Paste BPG'!$C:$C,0),MATCH("BP PAJAK",'Paste BPG'!$3:$3,0)),".","")),0) -> 0 | G65: =IFERROR(VALUE(SUBSTITUTE(INDEX('Paste BPG'!$A:$Z,MATCH($B65,'Paste BPG'!$C:$C,0),MATCH("BP HIBAH",'Paste BPG'!$3:$3,0)),".","")),0) -> 0 | H65: =IFERROR(VALUE(SUBSTITUTE(INDEX('Paste BPG'!$A:$Z,MATCH($B65,'Paste BPG'!$C:$C,0),MATCH("BP LAIN-LAIN",'Paste BPG'!$3:$3,0)),".","")),0) -> 0 | I65: =D65+E65+F65+G65+H65 -> 0 | J65: =D65 -> 0 | K65: =IFERROR(VALUE(SUBSTITUTE(INDEX('Paste BPG'!$A:$Z,MATCH($B65,'Paste BPG'!$C:$C,0),MATCH("KUITANSI",'Paste BPG'!$3:$3,0)),".","")),0) -> 0 | L65: =J65+K65 -> 0
A66: 57 | B66: 685002 | C66: PUSSIMPUR KODIKLATAD | D66: =IFERROR(VALUE(SUBSTITUTE(INDEX('Paste BPG'!$A:$Z,MATCH($B66,'Paste BPG'!$C:$C,0),MATCH("BP UP/TUP",'Paste BPG'!$3:$3,0)),".","")),0) -> 0 | E66: =IFERROR(VALUE(SUBSTITUTE(INDEX('Paste BPG'!$A:$Z,MATCH($B66,'Paste BPG'!$C:$C,0),MATCH("BP LS BENDAHARA",'Paste BPG'!$3:$3,0)),".","")),0) -> 0 | F66: =IFERROR(VALUE(SUBSTITUTE(INDEX('Paste BPG'!$A:$Z,MATCH($B66,'Paste BPG'!$C:$C,0),MATCH("BP PAJAK",'Paste BPG'!$3:$3,0)),".","")),0) -> 0 | G66: =IFERROR(VALUE(SUBSTITUTE(INDEX('Paste BPG'!$A:$Z,MATCH($B66,'Paste BPG'!$C:$C,0),MATCH("BP HIBAH",'Paste BPG'!$3:$3,0)),".","")),0) -> 0 | H66: =IFERROR(VALUE(SUBSTITUTE(INDEX('Paste BPG'!$A:$Z,MATCH($B66,'Paste BPG'!$C:$C,0),MATCH("BP LAIN-LAIN",'Paste BPG'!$3:$3,0)),".","")),0) -> 0 | I66: =D66+E66+F66+G66+H66 -> 0 | J66: =D66 -> 0 | K66: =IFERROR(VALUE(SUBSTITUTE(INDEX('Paste BPG'!$A:$Z,MATCH($B66,'Paste BPG'!$C:$C,0),MATCH("KUITANSI",'Paste BPG'!$3:$3,0)),".","")),0) -> 0 | L66: =J66+K66 -> 0
A67: 58 | B67: 685003 | C67: PUSDIK PENGMILUM KODIKLTAD | D67: =IFERROR(VALUE(SUBSTITUTE(INDEX('Paste BPG'!$A:$Z,MATCH($B67,'Paste BPG'!$C:$C,0),MATCH("BP UP/TUP",'Paste BPG'!$3:$3,0)),".","")),0) -> 0 | E67: =IFERROR(VALUE(SUBSTITUTE(INDEX('Paste BPG'!$A:$Z,MATCH($B67,'Paste BPG'!$C:$C,0),MATCH("BP LS BENDAHARA",'Paste BPG'!$3:$3,0)),".","")),0) -> 0 | F67: =IFERROR(VALUE(SUBSTITUTE(INDEX('Paste BPG'!$A:$Z,MATCH($B67,'Paste BPG'!$C:$C,0),MATCH("BP PAJAK",'Paste BPG'!$3:$3,0)),".","")),0) -> 0 | G67: =IFERROR(VALUE(SUBSTITUTE(INDEX('Paste BPG'!$A:$Z,MATCH($B67,'Paste BPG'!$C:$C,0),MATCH("BP HIBAH",'Paste BPG'!$3:$3,0)),".","")),0) -> 0 | H67: =IFERROR(VALUE(SUBSTITUTE(INDEX('Paste BPG'!$A:$Z,MATCH($B67,'Paste BPG'!$C:$C,0),MATCH("BP LAIN-LAIN",'Paste BPG'!$3:$3,0)),".","")),0) -> 0 | I67: =D67+E67+F67+G67+H67 -> 0 | J67: =D67 -> 0 | K67: =IFERROR(VALUE(SUBSTITUTE(INDEX('Paste BPG'!$A:$Z,MATCH($B67,'Paste BPG'!$C:$C,0),MATCH("KUITANSI",'Paste BPG'!$3:$3,0)),".","")),0) -> 0 | L67: =J67+K67 -> 0
A68: 59 | B68: 685004 | C68: PUSDIK KOWAD KODIKLATAD | D68: =IFERROR(VALUE(SUBSTITUTE(INDEX('Paste BPG'!$A:$Z,MATCH($B68,'Paste BPG'!$C:$C,0),MATCH("BP UP/TUP",'Paste BPG'!$3:$3,0)),".","")),0) -> 0 | E68: =IFERROR(VALUE(SUBSTITUTE(INDEX('Paste BPG'!$A:$Z,MATCH($B68,'Paste BPG'!$C:$C,0),MATCH("BP LS BENDAHARA",'Paste BPG'!$3:$3,0)),".","")),0) -> 0 | F68: =IFERROR(VALUE(SUBSTITUTE(INDEX('Paste BPG'!$A:$Z,MATCH($B68,'Paste BPG'!$C:$C,0),MATCH("BP PAJAK",'Paste BPG'!$3:$3,0)),".","")),0) -> 0 | G68: =IFERROR(VALUE(SUBSTITUTE(INDEX('Paste BPG'!$A:$Z,MATCH($B68,'Paste BPG'!$C:$C,0),MATCH("BP HIBAH",'Paste BPG'!$3:$3,0)),".","")),0) -> 0 | H68: =IFERROR(VALUE(SUBSTITUTE(INDEX('Paste BPG'!$A:$Z,MATCH($B68,'Paste BPG'!$C:$C,0),MATCH("BP LAIN-LAIN",'Paste BPG'!$3:$3,0)),".","")),0) -> 0 | I68: =D68+E68+F68+G68+H68 -> 0 | J68: =D68 -> 0 | K68: =IFERROR(VALUE(SUBSTITUTE(INDEX('Paste BPG'!$A:$Z,MATCH($B68,'Paste BPG'!$C:$C,0),MATCH("KUITANSI",'Paste BPG'!$3:$3,0)),".","")),0) -> 0 | L68: =J68+K68 -> 0
A69: 60 | B69: 685005 | C69: PUSDIKJAS KODIKLAT TNI AD | D69: =IFERROR(VALUE(SUBSTITUTE(INDEX('Paste BPG'!$A:$Z,MATCH($B69,'Paste BPG'!$C:$C,0),MATCH("BP UP/TUP",'Paste BPG'!$3:$3,0)),".","")),0) -> 0 | E69: =IFERROR(VALUE(SUBSTITUTE(INDEX('Paste BPG'!$A:$Z,MATCH($B69,'Paste BPG'!$C:$C,0),MATCH("BP LS BENDAHARA",'Paste BPG'!$3:$3,0)),".","")),0) -> 0 | F69: =IFERROR(VALUE(SUBSTITUTE(INDEX('Paste BPG'!$A:$Z,MATCH($B69,'Paste BPG'!$C:$C,0),MATCH("BP PAJAK",'Paste BPG'!$3:$3,0)),".","")),0) -> 0 | G69: =IFERROR(VALUE(SUBSTITUTE(INDEX('Paste BPG'!$A:$Z,MATCH($B69,'Paste BPG'!$C:$C,0),MATCH("BP HIBAH",'Paste BPG'!$3:$3,0)),".","")),0) -> 0 | H69: =IFERROR(VALUE(SUBSTITUTE(INDEX('Paste BPG'!$A:$Z,MATCH($B69,'Paste BPG'!$C:$C,0),MATCH("BP LAIN-LAIN",'Paste BPG'!$3:$3,0)),".","")),0) -> 0 | I69: =D69+E69+F69+G69+H69 -> 0 | J69: =D69 -> 0 | K69: =IFERROR(VALUE(SUBSTITUTE(INDEX('Paste BPG'!$A:$Z,MATCH($B69,'Paste BPG'!$C:$C,0),MATCH("KUITANSI",'Paste BPG'!$3:$3,0)),".","")),0) -> 0 | L69: =J69+K69 -> 0
A70: 61 | B70: 685006 | C70: PUSDIKPOM KODIKLATAD | D70: =IFERROR(VALUE(SUBSTITUTE(INDEX('Paste BPG'!$A:$Z,MATCH($B70,'Paste BPG'!$C:$C,0),MATCH("BP UP/TUP",'Paste BPG'!$3:$3,0)),".","")),0) -> 0 | E70: =IFERROR(VALUE(SUBSTITUTE(INDEX('Paste BPG'!$A:$Z,MATCH($B70,'Paste BPG'!$C:$C,0),MATCH("BP LS BENDAHARA",'Paste BPG'!$3:$3,0)),".","")),0) -> 0 | F70: =IFERROR(VALUE(SUBSTITUTE(INDEX('Paste BPG'!$A:$Z,MATCH($B70,'Paste BPG'!$C:$C,0),MATCH("BP PAJAK",'Paste BPG'!$3:$3,0)),".","")),0) -> 0 | G70: =IFERROR(VALUE(SUBSTITUTE(INDEX('Paste BPG'!$A:$Z,MATCH($B70,'Paste BPG'!$C:$C,0),MATCH("BP HIBAH",'Paste BPG'!$3:$3,0)),".","")),0) -> 0 | H70: =IFERROR(VALUE(SUBSTITUTE(INDEX('Paste BPG'!$A:$Z,MATCH($B70,'Paste BPG'!$C:$C,0),MATCH("BP LAIN-LAIN",'Paste BPG'!$3:$3,0)),".","")),0) -> 0 | I70: =D70+E70+F70+G70+H70 -> 0 | J70: =D70 -> 0 | K70: =IFERROR(VALUE(SUBSTITUTE(INDEX('Paste BPG'!$A:$Z,MATCH($B70,'Paste BPG'!$C:$C,0),MATCH("KUITANSI",'Paste BPG'!$3:$3,0)),".","")),0) -> 0 | L70: =J70+K70 -> 0
... A86: 77 | B86: 694955 | C86: MENKAVKUD/RONGGOLAWE | D86: =IFERROR(VALUE(SUBSTITUTE(INDEX('Paste BPG'!$A:$Z,MATCH($B86,'Paste BPG'!$C:$C,0),MATCH("BP UP/TUP",'Paste BPG'!$3:$3,0)),".","")),0) -> 0 | E86: =IFERROR(VALUE(SUBSTITUTE(INDEX('Paste BPG'!$A:$Z,MATCH($B86,'Paste BPG'!$C:$C,0),MATCH("BP LS BENDAHARA",'Paste BPG'!$3:$3,0)),".","")),0) -> 0 | F86: =IFERROR(VALUE(SUBSTITUTE(INDEX('Paste BPG'!$A:$Z,MATCH($B86,'Paste BPG'!$C:$C,0),MATCH("BP PAJAK",'Paste BPG'!$3:$3,0)),".","")),0) -> 0 | G86: =IFERROR(VALUE(SUBSTITUTE(INDEX('Paste BPG'!$A:$Z,MATCH($B86,'Paste BPG'!$C:$C,0),MATCH("BP HIBAH",'Paste BPG'!$3:$3,0)),".","")),0) -> 0 | H86: =IFERROR(VALUE(SUBSTITUTE(INDEX('Paste BPG'!$A:$Z,MATCH($B86,'Paste BPG'!$C:$C,0),MATCH("BP LAIN-LAIN",'Paste BPG'!$3:$3,0)),".","")),0) -> 0 | I86: =D86+E86+F86+G86+H86 -> 0 | J86: =D86 -> 0 | K86: =IFERROR(VALUE(SUBSTITUTE(INDEX('Paste BPG'!$A:$Z,MATCH($B86,'Paste BPG'!$C:$C,0),MATCH("KUITANSI",'Paste BPG'!$3:$3,0)),".","")),0) -> 0 | L86: =J86+K86 -> 0
B87: 022 | C87: KEMENTERIAN PERHUBUNGAN | D87: =D88+D89+D90 -> 0 | E87: =SUM(E88+E89+E90) -> 0 | F87: =SUM(F88+F89+F90) -> 0 | G87: =SUM(G88:G90) -> 0 | H87: =SUM(H88:H90) -> 0 | I87: =D87+E87+F87+G87+H87 -> 0 | J87: =J88+J89+J90 -> 0 | K87: =K88+K89+K90 -> 0 | L87: =J87+K87 -> 0
A88: 78 | B88: 403849 | C88: BALAI PENGELOLA TRANSPORTASI DARAT WILAYAH IX | D88: =IFERROR(VALUE(SUBSTITUTE(INDEX('Paste BPG'!$A:$Z,MATCH($B88,'Paste BPG'!$C:$C,0),MATCH("BP UP/TUP",'Paste BPG'!$3:$3,0)),".","")),0) -> 0 | E88: =IFERROR(VALUE(SUBSTITUTE(INDEX('Paste BPG'!$A:$Z,MATCH($B88,'Paste BPG'!$C:$C,0),MATCH("BP LS BENDAHARA",'Paste BPG'!$3:$3,0)),".","")),0) -> 0 | F88: =IFERROR(VALUE(SUBSTITUTE(INDEX('Paste BPG'!$A:$Z,MATCH($B88,'Paste BPG'!$C:$C,0),MATCH("BP PAJAK",'Paste BPG'!$3:$3,0)),".","")),0) -> 0 | G88: =IFERROR(VALUE(SUBSTITUTE(INDEX('Paste BPG'!$A:$Z,MATCH($B88,'Paste BPG'!$C:$C,0),MATCH("BP HIBAH",'Paste BPG'!$3:$3,0)),".","")),0) -> 0 | H88: =IFERROR(VALUE(SUBSTITUTE(INDEX('Paste BPG'!$A:$Z,MATCH($B88,'Paste BPG'!$C:$C,0),MATCH("BP LAIN-LAIN",'Paste BPG'!$3:$3,0)),".","")),0) -> 0 | I88: =D88+E88+F88+G88+H88 -> 0 | J88: =D88 -> 0 | K88: =IFERROR(VALUE(SUBSTITUTE(INDEX('Paste BPG'!$A:$Z,MATCH($B88,'Paste BPG'!$C:$C,0),MATCH("KUITANSI",'Paste BPG'!$3:$3,0)),".","")),0) -> 0 | L88: =J88+K88 -> 0
A89: 79 | B89: 419173 | C89: BALAI PENDIDIKAN DAN PELATIHAN PEMBANGUNAN KARAKTER SUMBER DAYA MANUSIA TRANSPORTASI | D89: =IFERROR(VALUE(SUBSTITUTE(INDEX('Paste BPG'!$A:$Z,MATCH($B89,'Paste BPG'!$C:$C,0),MATCH("BP UP/TUP",'Paste BPG'!$3:$3,0)),".","")),0) -> 0 | E89: =IFERROR(VALUE(SUBSTITUTE(INDEX('Paste BPG'!$A:$Z,MATCH($B89,'Paste BPG'!$C:$C,0),MATCH("BP LS BENDAHARA",'Paste BPG'!$3:$3,0)),".","")),0) -> 0 | F89: =IFERROR(VALUE(SUBSTITUTE(INDEX('Paste BPG'!$A:$Z,MATCH($B89,'Paste BPG'!$C:$C,0),MATCH("BP PAJAK",'Paste BPG'!$3:$3,0)),".","")),0) -> 0 | G89: =IFERROR(VALUE(SUBSTITUTE(INDEX('Paste BPG'!$A:$Z,MATCH($B89,'Paste BPG'!$C:$C,0),MATCH("BP HIBAH",'Paste BPG'!$3:$3,0)),".","")),0) -> 0 | H89: =IFERROR(VALUE(SUBSTITUTE(INDEX('Paste BPG'!$A:$Z,MATCH($B89,'Paste BPG'!$C:$C,0),MATCH("BP LAIN-LAIN",'Paste BPG'!$3:$3,0)),".","")),0) -> 0 | I89: =D89+E89+F89+G89+H89 -> 0 | J89: =D89 -> 0 | K89: =IFERROR(VALUE(SUBSTITUTE(INDEX('Paste BPG'!$A:$Z,MATCH($B89,'Paste BPG'!$C:$C,0),MATCH("KUITANSI",'Paste BPG'!$3:$3,0)),".","")),0) -> 0 | L89: =J89+K89 -> 0
A90: 80 | B90: 467515 | C90: BALAI TEKNIK PERKERETAAPIAN WILAYAH JAWA BAGIAN BARAT | D90: =IFERROR(VALUE(SUBSTITUTE(INDEX('Paste BPG'!$A:$Z,MATCH($B90,'Paste BPG'!$C:$C,0),MATCH("BP UP/TUP",'Paste BPG'!$3:$3,0)),".","")),0) -> 0 | E90: =IFERROR(VALUE(SUBSTITUTE(INDEX('Paste BPG'!$A:$Z,MATCH($B90,'Paste BPG'!$C:$C,0),MATCH("BP LS BENDAHARA",'Paste BPG'!$3:$3,0)),".","")),0) -> 0 | F90: =IFERROR(VALUE(SUBSTITUTE(INDEX('Paste BPG'!$A:$Z,MATCH($B90,'Paste BPG'!$C:$C,0),MATCH("BP PAJAK",'Paste BPG'!$3:$3,0)),".","")),0) -> 0 | G90: =IFERROR(VALUE(SUBSTITUTE(INDEX('Paste BPG'!$A:$Z,MATCH($B90,'Paste BPG'!$C:$C,0),MATCH("BP HIBAH",'Paste BPG'!$3:$3,0)),".","")),0) -> 0 | H90: =IFERROR(VALUE(SUBSTITUTE(INDEX('Paste BPG'!$A:$Z,MATCH($B90,'Paste BPG'!$C:$C,0),MATCH("BP LAIN-LAIN",'Paste BPG'!$3:$3,0)),".","")),0) -> 0 | I90: =D90+E90+F90+G90+H90 -> 0 | J90: =D90 -> 0 | K90: =IFERROR(VALUE(SUBSTITUTE(INDEX('Paste BPG'!$A:$Z,MATCH($B90,'Paste BPG'!$C:$C,0),MATCH("KUITANSI",'Paste BPG'!$3:$3,0)),".","")),0) -> 0 | L90: =J90+K90 -> 0
B91: 025 | C91: KEMENTERIAN AGAMA | D91: =SUM(D92+D93+D94+D95+D96+D97+D98+D99+D100+D101+D102+D103+D104+D105+D106+D107+D108+D109+D110+D111+D112+D113+D114+D115+D116+D117+D118+D119+D120+D121+D122+D123+D124+D125+D126+D127+D128+D129) -> 0 | E91: =SUM(E92+E93+E94+E95+E96+E97+E98+E99+E100+E101+E102+E103+E104+E105+E106+E107+E108+E109+E110+E111+E112+E113+E114+E115+E116+E117+E118+E119+E120+E121+E122+E123+E124+E125+E126+E127+E128+E129) -> 0 | F91: =SUM(F92+F93+F94+F95+F96+F97+F98+F99+F100+F101+F102+F103+F104+F105+F106+F107+F108+F109+F110+F111+F112+F113+F114+F115+F116+F117+F118+F119+F120+F121+F122+F123+F124+F125+F126+F127+F128+F129) -> 0 | G91: =SUM(G92+G93+G94+G95+G96+G97+G98+G99+G100+G101+G102+G103+G104+G105+G106+G107+G108+G109+G110+G111+G112+G113+G114+G115+G116+G117+G118+G119+G120+G121+G122+G123+G124+G125+G126+G127+G128+G129) -> 0 | H91: =SUM(H92+H93+H94+H95+H96+H97+H98+H99+H100+H101+H102+H103+H104+H105+H106+H107+H108+H109+H110+H111+H112+H113+H114+H115+H116+H117+H118+H119+H120+H121+H122+H123+H124+H125+H126+H127+H128+H129) -> 0 | I91: =D91+E91+F91+G91+H91 -> 0 | J91: =SUM(J92+J93+J94+J95+J96+J97+J98+J99+J100+J101+J102+J103+J104+J105+J106+J107+J108+J109+J110+J111+J112+J113+J114+J115+J116+J117+J118+J119+J120+J121+J122+J123+J124+J125+J126+J127+J128+J129) -> 0 | K91: =SUM(K92+K93+K94+K95+K96+K97+K98+K99+K100+K101+K102+K103+K104+K105+K106+K107+K108+K109+K110+K111+K112+K113+K114+K115+K116+K117+K118+K119+K120+K121+K122+K123+K124+K125+K126+K127+K128+K129) -> 0 | L91: =J91+K91 -> 0
A92: 81 | B92: 308255 | C92: MADRASAH TSANAWIYAH NEGERI 1 BANDUNG KOTA BANDUNG | D92: =IFERROR(VALUE(SUBSTITUTE(INDEX('Paste BPG'!$A:$Z,MATCH($B92,'Paste BPG'!$C:$C,0),MATCH("BP UP/TUP",'Paste BPG'!$3:$3,0)),".","")),0) -> 0 | E92: =IFERROR(VALUE(SUBSTITUTE(INDEX('Paste BPG'!$A:$Z,MATCH($B92,'Paste BPG'!$C:$C,0),MATCH("BP LS BENDAHARA",'Paste BPG'!$3:$3,0)),".","")),0) -> 0 | F92: =IFERROR(VALUE(SUBSTITUTE(INDEX('Paste BPG'!$A:$Z,MATCH($B92,'Paste BPG'!$C:$C,0),MATCH("BP PAJAK",'Paste BPG'!$3:$3,0)),".","")),0) -> 0 | G92: =IFERROR(VALUE(SUBSTITUTE(INDEX('Paste BPG'!$A:$Z,MATCH($B92,'Paste BPG'!$C:$C,0),MATCH("BP HIBAH",'Paste BPG'!$3:$3,0)),".","")),0) -> 0 | H92: =IFERROR(VALUE(SUBSTITUTE(INDEX('Paste BPG'!$A:$Z,MATCH($B92,'Paste BPG'!$C:$C,0),MATCH("BP LAIN-LAIN",'Paste BPG'!$3:$3,0)),".","")),0) -> 0 | I92: =D92+E92+F92+G92+H92 -> 0 | J92: =D92 -> 0 | K92: =IFERROR(VALUE(SUBSTITUTE(INDEX('Paste BPG'!$A:$Z,MATCH($B92,'Paste BPG'!$C:$C,0),MATCH("KUITANSI",'Paste BPG'!$3:$3,0)),".","")),0) -> 0 | L92: =J92+K92 -> 0
A93: 82 | B93: 308276 | C93: MADRASAH ALIYAH NEGERI BANDUNG BARAT KAB. BANDUNG BARAT | D93: =IFERROR(VALUE(SUBSTITUTE(INDEX('Paste BPG'!$A:$Z,MATCH($B93,'Paste BPG'!$C:$C,0),MATCH("BP UP/TUP",'Paste BPG'!$3:$3,0)),".","")),0) -> 0 | E93: =IFERROR(VALUE(SUBSTITUTE(INDEX('Paste BPG'!$A:$Z,MATCH($B93,'Paste BPG'!$C:$C,0),MATCH("BP LS BENDAHARA",'Paste BPG'!$3:$3,0)),".","")),0) -> 0 | F93: =IFERROR(VALUE(SUBSTITUTE(INDEX('Paste BPG'!$A:$Z,MATCH($B93,'Paste BPG'!$C:$C,0),MATCH("BP PAJAK",'Paste BPG'!$3:$3,0)),".","")),0) -> 0 | G93: =IFERROR(VALUE(SUBSTITUTE(INDEX('Paste BPG'!$A:$Z,MATCH($B93,'Paste BPG'!$C:$C,0),MATCH("BP HIBAH",'Paste BPG'!$3:$3,0)),".","")),0) -> 0 | H93: =IFERROR(VALUE(SUBSTITUTE(INDEX('Paste BPG'!$A:$Z,MATCH($B93,'Paste BPG'!$C:$C,0),MATCH("BP LAIN-LAIN",'Paste BPG'!$3:$3,0)),".","")),0) -> 0 | I93: =D93+E93+F93+G93+H93 -> 0 | J93: =D93 -> 0 | K93: =IFERROR(VALUE(SUBSTITUTE(INDEX('Paste BPG'!$A:$Z,MATCH($B93,'Paste BPG'!$C:$C,0),MATCH("KUITANSI",'Paste BPG'!$3:$3,0)),".","")),0) -> 0 | L93: =J93+K93 -> 0
A94: 83 | B94: 309840 | C94: MADRASAH TSANAWIYAH NEGERI 2 BANDUNG KOTA BANDUNG | D94: =IFERROR(VALUE(SUBSTITUTE(INDEX('Paste BPG'!$A:$Z,MATCH($B94,'Paste BPG'!$C:$C,0),MATCH("BP UP/TUP",'Paste BPG'!$3:$3,0)),".","")),0) -> 0 | E94: =IFERROR(VALUE(SUBSTITUTE(INDEX('Paste BPG'!$A:$Z,MATCH($B94,'Paste BPG'!$C:$C,0),MATCH("BP LS BENDAHARA",'Paste BPG'!$3:$3,0)),".","")),0) -> 0 | F94: =IFERROR(VALUE(SUBSTITUTE(INDEX('Paste BPG'!$A:$Z,MATCH($B94,'Paste BPG'!$C:$C,0),MATCH("BP PAJAK",'Paste BPG'!$3:$3,0)),".","")),0) -> 0 | G94: =IFERROR(VALUE(SUBSTITUTE(INDEX('Paste BPG'!$A:$Z,MATCH($B94,'Paste BPG'!$C:$C,0),MATCH("BP HIBAH",'Paste BPG'!$3:$3,0)),".","")),0) -> 0 | H94: =IFERROR(VALUE(SUBSTITUTE(INDEX('Paste BPG'!$A:$Z,MATCH($B94,'Paste BPG'!$C:$C,0),MATCH("BP LAIN-LAIN",'Paste BPG'!$3:$3,0)),".","")),0) -> 0 | I94: =D94+E94+F94+G94+H94 -> 0 | J94: =D94 -> 0 | K94: =IFERROR(VALUE(SUBSTITUTE(INDEX('Paste BPG'!$A:$Z,MATCH($B94,'Paste BPG'!$C:$C,0),MATCH("KUITANSI",'Paste BPG'!$3:$3,0)),".","")),0) -> 0 | L94: =J94+K94 -> 0
A95: 84 | B95: 309857 | C95: MADRASAH TSANAWIYAH NEGERI 1 BANDUNG KAB. BANDUNG | D95: =IFERROR(VALUE(SUBSTITUTE(INDEX('Paste BPG'!$A:$Z,MATCH($B95,'Paste BPG'!$C:$C,0),MATCH("BP UP/TUP",'Paste BPG'!$3:$3,0)),".","")),0) -> 0 | E95: =IFERROR(VALUE(SUBSTITUTE(INDEX('Paste BPG'!$A:$Z,MATCH($B95,'Paste BPG'!$C:$C,0),MATCH("BP LS BENDAHARA",'Paste BPG'!$3:$3,0)),".","")),0) -> 0 | F95: =IFERROR(VALUE(SUBSTITUTE(INDEX('Paste BPG'!$A:$Z,MATCH($B95,'Paste BPG'!$C:$C,0),MATCH("BP PAJAK",'Paste BPG'!$3:$3,0)),".","")),0) -> 0 | G95: =IFERROR(VALUE(SUBSTITUTE(INDEX('Paste BPG'!$A:$Z,MATCH($B95,'Paste BPG'!$C:$C,0),MATCH("BP HIBAH",'Paste BPG'!$3:$3,0)),".","")),0) -> 0 | H95: =IFERROR(VALUE(SUBSTITUTE(INDEX('Paste BPG'!$A:$Z,MATCH($B95,'Paste BPG'!$C:$C,0),MATCH("BP LAIN-LAIN",'Paste BPG'!$3:$3,0)),".","")),0) -> 0 | I95: =D95+E95+F95+G95+H95 -> 0 | J95: =D95 -> 0 | K95: =IFERROR(VALUE(SUBSTITUTE(INDEX('Paste BPG'!$A:$Z,MATCH($B95,'Paste BPG'!$C:$C,0),MATCH("KUITANSI",'Paste BPG'!$3:$3,0)),".","")),0) -> 0 | L95: =J95+K95 -> 0
A96: 85 | B96: 416377 | C96: KANWIL KEMENTERIAN AGAMA PROP. JAWA BARAT | D96: =IFERROR(VALUE(SUBSTITUTE(INDEX('Paste BPG'!$A:$Z,MATCH($B96,'Paste BPG'!$C:$C,0),MATCH("BP UP/TUP",'Paste BPG'!$3:$3,0)),".","")),0) -> 0 | E96: =IFERROR(VALUE(SUBSTITUTE(INDEX('Paste BPG'!$A:$Z,MATCH($B96,'Paste BPG'!$C:$C,0),MATCH("BP LS BENDAHARA",'Paste BPG'!$3:$3,0)),".","")),0) -> 0 | F96: =IFERROR(VALUE(SUBSTITUTE(INDEX('Paste BPG'!$A:$Z,MATCH($B96,'Paste BPG'!$C:$C,0),MATCH("BP PAJAK",'Paste BPG'!$3:$3,0)),".","")),0) -> 0 | G96: =IFERROR(VALUE(SUBSTITUTE(INDEX('Paste BPG'!$A:$Z,MATCH($B96,'Paste BPG'!$C:$C,0),MATCH("BP HIBAH",'Paste BPG'!$3:$3,0)),".","")),0) -> 0 | H96: =IFERROR(VALUE(SUBSTITUTE(INDEX('Paste BPG'!$A:$Z,MATCH($B96,'Paste BPG'!$C:$C,0),MATCH("BP LAIN-LAIN",'Paste BPG'!$3:$3,0)),".","")),0) -> 0 | I96: =D96+E96+F96+G96+H96 -> 0 | J96: =D96 -> 0 | K96: =IFERROR(VALUE(SUBSTITUTE(INDEX('Paste BPG'!$A:$Z,MATCH($B96,'Paste BPG'!$C:$C,0),MATCH("KUITANSI",'Paste BPG'!$3:$3,0)),".","")),0) -> 0 | L96: =J96+K96 -> 0
A97: 86 | B97: 416378 | C97: KANWIL KEMENTERIAN AGAMA PROP. JAWA BARAT | D97: =IFERROR(VALUE(SUBSTITUTE(INDEX('Paste BPG'!$A:$Z,MATCH($B97,'Paste BPG'!$C:$C,0),MATCH("BP UP/TUP",'Paste BPG'!$3:$3,0)),".","")),0) -> 0 | E97: =IFERROR(VALUE(SUBSTITUTE(INDEX('Paste BPG'!$A:$Z,MATCH($B97,'Paste BPG'!$C:$C,0),MATCH("BP LS BENDAHARA",'Paste BPG'!$3:$3,0)),".","")),0) -> 0 | F97: =IFERROR(VALUE(SUBSTITUTE(INDEX('Paste BPG'!$A:$Z,MATCH($B97,'Paste BPG'!$C:$C,0),MATCH("BP PAJAK",'Paste BPG'!$3:$3,0)),".","")),0) -> 0 | G97: =IFERROR(VALUE(SUBSTITUTE(INDEX('Paste BPG'!$A:$Z,MATCH($B97,'Paste BPG'!$C:$C,0),MATCH("BP HIBAH",'Paste BPG'!$3:$3,0)),".","")),0) -> 0 | H97: =IFERROR(VALUE(SUBSTITUTE(INDEX('Paste BPG'!$A:$Z,MATCH($B97,'Paste BPG'!$C:$C,0),MATCH("BP LAIN-LAIN",'Paste BPG'!$3:$3,0)),".","")),0) -> 0 | I97: =D97+E97+F97+G97+H97 -> 0 | J97: =D97 -> 0 | K97: =IFERROR(VALUE(SUBSTITUTE(INDEX('Paste BPG'!$A:$Z,MATCH($B97,'Paste BPG'!$C:$C,0),MATCH("KUITANSI",'Paste BPG'!$3:$3,0)),".","")),0) -> 0 | L97: =J97+K97 -> 0
A98: 87 | B98: 416379 | C98: KANWIL KEMENTERIAN AGAMA PROP. JAWA BARAT | D98: =IFERROR(VALUE(SUBSTITUTE(INDEX('Paste BPG'!$A:$Z,MATCH($B98,'Paste BPG'!$C:$C,0),MATCH("BP UP/TUP",'Paste BPG'!$3:$3,0)),".","")),0) -> 0 | E98: =IFERROR(VALUE(SUBSTITUTE(INDEX('Paste BPG'!$A:$Z,MATCH($B98,'Paste BPG'!$C:$C,0),MATCH("BP LS BENDAHARA",'Paste BPG'!$3:$3,0)),".","")),0) -> 0 | F98: =IFERROR(VALUE(SUBSTITUTE(INDEX('Paste BPG'!$A:$Z,MATCH($B98,'Paste BPG'!$C:$C,0),MATCH("BP PAJAK",'Paste BPG'!$3:$3,0)),".","")),0) -> 0 | G98: =IFERROR(VALUE(SUBSTITUTE(INDEX('Paste BPG'!$A:$Z,MATCH($B98,'Paste BPG'!$C:$C,0),MATCH("BP HIBAH",'Paste BPG'!$3:$3,0)),".","")),0) -> 0 | H98: =IFERROR(VALUE(SUBSTITUTE(INDEX('Paste BPG'!$A:$Z,MATCH($B98,'Paste BPG'!$C:$C,0),MATCH("BP LAIN-LAIN",'Paste BPG'!$3:$3,0)),".","")),0) -> 0 | I98: =D98+E98+F98+G98+H98 -> 0 | J98: =D98 -> 0 | K98: =IFERROR(VALUE(SUBSTITUTE(INDEX('Paste BPG'!$A:$Z,MATCH($B98,'Paste BPG'!$C:$C,0),MATCH("KUITANSI",'Paste BPG'!$3:$3,0)),".","")),0) -> 0 | L98: =J98+K98 -> 0
A99: 88 | B99: 416381 | C99: KANWIL KEMENTERIAN AGAMA PROP. JAWA BARAT | D99: =IFERROR(VALUE(SUBSTITUTE(INDEX('Paste BPG'!$A:$Z,MATCH($B99,'Paste BPG'!$C:$C,0),MATCH("BP UP/TUP",'Paste BPG'!$3:$3,0)),".","")),0) -> 0 | E99: =IFERROR(VALUE(SUBSTITUTE(INDEX('Paste BPG'!$A:$Z,MATCH($B99,'Paste BPG'!$C:$C,0),MATCH("BP LS BENDAHARA",'Paste BPG'!$3:$3,0)),".","")),0) -> 0 | F99: =IFERROR(VALUE(SUBSTITUTE(INDEX('Paste BPG'!$A:$Z,MATCH($B99,'Paste BPG'!$C:$C,0),MATCH("BP PAJAK",'Paste BPG'!$3:$3,0)),".","")),0) -> 0 | G99: =IFERROR(VALUE(SUBSTITUTE(INDEX('Paste BPG'!$A:$Z,MATCH($B99,'Paste BPG'!$C:$C,0),MATCH("BP HIBAH",'Paste BPG'!$3:$3,0)),".","")),0) -> 0 | H99: =IFERROR(VALUE(SUBSTITUTE(INDEX('Paste BPG'!$A:$Z,MATCH($B99,'Paste BPG'!$C:$C,0),MATCH("BP LAIN-LAIN",'Paste BPG'!$3:$3,0)),".","")),0) -> 0 | I99: =D99+E99+F99+G99+H99 -> 0 | J99: =D99 -> 0 | K99: =IFERROR(VALUE(SUBSTITUTE(INDEX('Paste BPG'!$A:$Z,MATCH($B99,'Paste BPG'!$C:$C,0),MATCH("KUITANSI",'Paste BPG'!$3:$3,0)),".","")),0) -> 0 | L99: =J99+K99 -> 0
A100: 89 | B100: 416382 | C100: KANWIL KEMENTERIAN AGAMA PROP. JAWA BARAT | D100: =IFERROR(VALUE(SUBSTITUTE(INDEX('Paste BPG'!$A:$Z,MATCH($B100,'Paste BPG'!$C:$C,0),MATCH("BP UP/TUP",'Paste BPG'!$3:$3,0)),".","")),0) -> 0 | E100: =IFERROR(VALUE(SUBSTITUTE(INDEX('Paste BPG'!$A:$Z,MATCH($B100,'Paste BPG'!$C:$C,0),MATCH("BP LS BENDAHARA",'Paste BPG'!$3:$3,0)),".","")),0) -> 0 | F100: =IFERROR(VALUE(SUBSTITUTE(INDEX('Paste BPG'!$A:$Z,MATCH($B100,'Paste BPG'!$C:$C,0),MATCH("BP PAJAK",'Paste BPG'!$3:$3,0)),".","")),0) -> 0 | G100: =IFERROR(VALUE(SUBSTITUTE(INDEX('Paste BPG'!$A:$Z,MATCH($B100,'Paste BPG'!$C:$C,0),MATCH("BP HIBAH",'Paste BPG'!$3:$3,0)),".","")),0) -> 0 | H100: =IFERROR(VALUE(SUBSTITUTE(INDEX('Paste BPG'!$A:$Z,MATCH($B100,'Paste BPG'!$C:$C,0),MATCH("BP LAIN-LAIN",'Paste BPG'!$3:$3,0)),".","")),0) -> 0 | I100: =D100+E100+F100+G100+H100 -> 0 | J100: =D100 -> 0 | K100: =IFERROR(VALUE(SUBSTITUTE(INDEX('Paste BPG'!$A:$Z,MATCH($B100,'Paste BPG'!$C:$C,0),MATCH("KUITANSI",'Paste BPG'!$3:$3,0)),".","")),0) -> 0 | L100: =J100+K100 -> 0
A101: 90 | B101: 416383 | C101: KANTOR KEMENTERIAN AGAMA KOTA BANDUNG | D101: =IFERROR(VALUE(SUBSTITUTE(INDEX('Paste BPG'!$A:$Z,MATCH($B101,'Paste BPG'!$C:$C,0),MATCH("BP UP/TUP",'Paste BPG'!$3:$3,0)),".","")),0) -> 0 | E101: =IFERROR(VALUE(SUBSTITUTE(INDEX('Paste BPG'!$A:$Z,MATCH($B101,'Paste BPG'!$C:$C,0),MATCH("BP LS BENDAHARA",'Paste BPG'!$3:$3,0)),".","")),0) -> 0 | F101: =IFERROR(VALUE(SUBSTITUTE(INDEX('Paste BPG'!$A:$Z,MATCH($B101,'Paste BPG'!$C:$C,0),MATCH("BP PAJAK",'Paste BPG'!$3:$3,0)),".","")),0) -> 0 | G101: =IFERROR(VALUE(SUBSTITUTE(INDEX('Paste BPG'!$A:$Z,MATCH($B101,'Paste BPG'!$C:$C,0),MATCH("BP HIBAH",'Paste BPG'!$3:$3,0)),".","")),0) -> 0 | H101: =IFERROR(VALUE(SUBSTITUTE(INDEX('Paste BPG'!$A:$Z,MATCH($B101,'Paste BPG'!$C:$C,0),MATCH("BP LAIN-LAIN",'Paste BPG'!$3:$3,0)),".","")),0) -> 0 | I101: =D101+E101+F101+G101+H101 -> 0 | J101: =D101 -> 0 | K101: =IFERROR(VALUE(SUBSTITUTE(INDEX('Paste BPG'!$A:$Z,MATCH($B101,'Paste BPG'!$C:$C,0),MATCH("KUITANSI",'Paste BPG'!$3:$3,0)),".","")),0) -> 0 | L101: =J101+K101 -> 0
A102: 91 | B102: 416384 | C102: KANTOR KEMENTERIAN AGAMA KOTA BANDUNG | D102: =IFERROR(VALUE(SUBSTITUTE(INDEX('Paste BPG'!$A:$Z,MATCH($B102,'Paste BPG'!$C:$C,0),MATCH("BP UP/TUP",'Paste BPG'!$3:$3,0)),".","")),0) -> 0 | E102: =IFERROR(VALUE(SUBSTITUTE(INDEX('Paste BPG'!$A:$Z,MATCH($B102,'Paste BPG'!$C:$C,0),MATCH("BP LS BENDAHARA",'Paste BPG'!$3:$3,0)),".","")),0) -> 0 | F102: =IFERROR(VALUE(SUBSTITUTE(INDEX('Paste BPG'!$A:$Z,MATCH($B102,'Paste BPG'!$C:$C,0),MATCH("BP PAJAK",'Paste BPG'!$3:$3,0)),".","")),0) -> 0 | G102: =IFERROR(VALUE(SUBSTITUTE(INDEX('Paste BPG'!$A:$Z,MATCH($B102,'Paste BPG'!$C:$C,0),MATCH("BP HIBAH",'Paste BPG'!$3:$3,0)),".","")),0) -> 0 | H102: =IFERROR(VALUE(SUBSTITUTE(INDEX('Paste BPG'!$A:$Z,MATCH($B102,'Paste BPG'!$C:$C,0),MATCH("BP LAIN-LAIN",'Paste BPG'!$3:$3,0)),".","")),0) -> 0 | I102: =D102+E102+F102+G102+H102 -> 0 | J102: =D102 -> 0 | K102: =IFERROR(VALUE(SUBSTITUTE(INDEX('Paste BPG'!$A:$Z,MATCH($B102,'Paste BPG'!$C:$C,0),MATCH("KUITANSI",'Paste BPG'!$3:$3,0)),".","")),0) -> 0 | L102: =J102+K102 -> 0
A103: 92 | B103: 416385 | C103: KANTOR KEMENTERIAN AGAMA KOTA BANDUNG | D103: =IFERROR(VALUE(SUBSTITUTE(INDEX('Paste BPG'!$A:$Z,MATCH($B103,'Paste BPG'!$C:$C,0),MATCH("BP UP/TUP",'Paste BPG'!$3:$3,0)),".","")),0) -> 0 | E103: =IFERROR(VALUE(SUBSTITUTE(INDEX('Paste BPG'!$A:$Z,MATCH($B103,'Paste BPG'!$C:$C,0),MATCH("BP LS BENDAHARA",'Paste BPG'!$3:$3,0)),".","")),0) -> 0 | F103: =IFERROR(VALUE(SUBSTITUTE(INDEX('Paste BPG'!$A:$Z,MATCH($B103,'Paste BPG'!$C:$C,0),MATCH("BP PAJAK",'Paste BPG'!$3:$3,0)),".","")),0) -> 0 | G103: =IFERROR(VALUE(SUBSTITUTE(INDEX('Paste BPG'!$A:$Z,MATCH($B103,'Paste BPG'!$C:$C,0),MATCH("BP HIBAH",'Paste BPG'!$3:$3,0)),".","")),0) -> 0 | H103: =IFERROR(VALUE(SUBSTITUTE(INDEX('Paste BPG'!$A:$Z,MATCH($B103,'Paste BPG'!$C:$C,0),MATCH("BP LAIN-LAIN",'Paste BPG'!$3:$3,0)),".","")),0) -> 0 | I103: =D103+E103+F103+G103+H103 -> 0 | J103: =D103 -> 0 | K103: =IFERROR(VALUE(SUBSTITUTE(INDEX('Paste BPG'!$A:$Z,MATCH($B103,'Paste BPG'!$C:$C,0),MATCH("KUITANSI",'Paste BPG'!$3:$3,0)),".","")),0) -> 0 | L103: =J103+K103 -> 0
... A129: 118 | B129: 681496 | C129: KANTOR KEMENTERIAN AGAMA KABUPATEN BANDUNG BARAT | D129: =IFERROR(VALUE(SUBSTITUTE(INDEX('Paste BPG'!$A:$Z,MATCH($B129,'Paste BPG'!$C:$C,0),MATCH("BP UP/TUP",'Paste BPG'!$3:$3,0)),".","")),0) -> 0 | E129: =IFERROR(VALUE(SUBSTITUTE(INDEX('Paste BPG'!$A:$Z,MATCH($B129,'Paste BPG'!$C:$C,0),MATCH("BP LS BENDAHARA",'Paste BPG'!$3:$3,0)),".","")),0) -> 0 | F129: =IFERROR(VALUE(SUBSTITUTE(INDEX('Paste BPG'!$A:$Z,MATCH($B129,'Paste BPG'!$C:$C,0),MATCH("BP PAJAK",'Paste BPG'!$3:$3,0)),".","")),0) -> 0 | G129: =IFERROR(VALUE(SUBSTITUTE(INDEX('Paste BPG'!$A:$Z,MATCH($B129,'Paste BPG'!$C:$C,0),MATCH("BP HIBAH",'Paste BPG'!$3:$3,0)),".","")),0) -> 0 | H129: =IFERROR(VALUE(SUBSTITUTE(INDEX('Paste BPG'!$A:$Z,MATCH($B129,'Paste BPG'!$C:$C,0),MATCH("BP LAIN-LAIN",'Paste BPG'!$3:$3,0)),".","")),0) -> 0 | I129: =D129+E129+F129+G129+H129 -> 0 | J129: =D129 -> 0 | K129: =IFERROR(VALUE(SUBSTITUTE(INDEX('Paste BPG'!$A:$Z,MATCH($B129,'Paste BPG'!$C:$C,0),MATCH("KUITANSI",'Paste BPG'!$3:$3,0)),".","")),0) -> 0 | L129: =J129+K129 -> 0
B130: 143 | C130: KEMENTERIAN KEHUTANAN | D130: =D131+D132 -> 0 | E130: =E131+E132 -> 0 | F130: =F131+F132 -> 0 | G130: =G131+G132 -> 0 | H130: =H131+H132 -> 0 | I130: =SUM(D130:H130) -> 0 | J130: =SUM(J131+J132) -> 0 | K130: =SUM(K131+K132) -> 0 | L130: =J130+K130 -> 0
A131: 119 | B131: 693579 | C131: BALAI BESAR KONSERVASI SUMBER DAYA ALAM JAWA BARAT | D131: =IFERROR(VALUE(SUBSTITUTE(INDEX('Paste BPG'!$A:$Z,MATCH($B131,'Paste BPG'!$C:$C,0),MATCH("BP UP/TUP",'Paste BPG'!$3:$3,0)),".","")),0) -> 0 | E131: =IFERROR(VALUE(SUBSTITUTE(INDEX('Paste BPG'!$A:$Z,MATCH($B131,'Paste BPG'!$C:$C,0),MATCH("BP LS BENDAHARA",'Paste BPG'!$3:$3,0)),".","")),0) -> 0 | F131: =IFERROR(VALUE(SUBSTITUTE(INDEX('Paste BPG'!$A:$Z,MATCH($B131,'Paste BPG'!$C:$C,0),MATCH("BP PAJAK",'Paste BPG'!$3:$3,0)),".","")),0) -> 0 | G131: =IFERROR(VALUE(SUBSTITUTE(INDEX('Paste BPG'!$A:$Z,MATCH($B131,'Paste BPG'!$C:$C,0),MATCH("BP HIBAH",'Paste BPG'!$3:$3,0)),".","")),0) -> 0 | H131: =IFERROR(VALUE(SUBSTITUTE(INDEX('Paste BPG'!$A:$Z,MATCH($B131,'Paste BPG'!$C:$C,0),MATCH("BP LAIN-LAIN",'Paste BPG'!$3:$3,0)),".","")),0) -> 0 | I131: =D131+E131+F131+G131+H131 -> 0 | J131: =D131 -> 0 | K131: =IFERROR(VALUE(SUBSTITUTE(INDEX('Paste BPG'!$A:$Z,MATCH($B131,'Paste BPG'!$C:$C,0),MATCH("KUITANSI",'Paste BPG'!$3:$3,0)),".","")),0) -> 0 | L131: =J131+K131 -> 0
A132: 120 | B132: 693542 | C132: BALAI PENGELOLAAN DAS DAN HUTAN LINDUNG CIMANUK CITANDUY | D132: =IFERROR(VALUE(SUBSTITUTE(INDEX('Paste BPG'!$A:$Z,MATCH($B132,'Paste BPG'!$C:$C,0),MATCH("BP UP/TUP",'Paste BPG'!$3:$3,0)),".","")),0) -> 0 | E132: =IFERROR(VALUE(SUBSTITUTE(INDEX('Paste BPG'!$A:$Z,MATCH($B132,'Paste BPG'!$C:$C,0),MATCH("BP LS BENDAHARA",'Paste BPG'!$3:$3,0)),".","")),0) -> 0 | F132: =IFERROR(VALUE(SUBSTITUTE(INDEX('Paste BPG'!$A:$Z,MATCH($B132,'Paste BPG'!$C:$C,0),MATCH("BP PAJAK",'Paste BPG'!$3:$3,0)),".","")),0) -> 0 | G132: =IFERROR(VALUE(SUBSTITUTE(INDEX('Paste BPG'!$A:$Z,MATCH($B132,'Paste BPG'!$C:$C,0),MATCH("BP HIBAH",'Paste BPG'!$3:$3,0)),".","")),0) -> 0 | H132: =IFERROR(VALUE(SUBSTITUTE(INDEX('Paste BPG'!$A:$Z,MATCH($B132,'Paste BPG'!$C:$C,0),MATCH("BP LAIN-LAIN",'Paste BPG'!$3:$3,0)),".","")),0) -> 0 | I132: =D132+E132+F132+G132+H132 -> 0 | J132: =D132 -> 0 | K132: =IFERROR(VALUE(SUBSTITUTE(INDEX('Paste BPG'!$A:$Z,MATCH($B132,'Paste BPG'!$C:$C,0),MATCH("KUITANSI",'Paste BPG'!$3:$3,0)),".","")),0) -> 0 | L132: =J132+K132 -> 0
B133: 032 | C133: KEMENTERIAN KELAUTAN DAN PERIKANAN | D133: =SUM(D134) -> 0 | E133: =SUM(E134) -> 0 | F133: =SUM(F134) -> 0 | G133: =SUM(G134) -> 0 | H133: =SUM(H134) -> 0 | I133: =D133+E133+F133+H133 -> 0 | J133: =SUM(J134) -> 0 | K133: =SUM(K134) -> 0 | L133: =J133+K133 -> 0
A134: 121 | B134: 690926 | C134: DINAS PERIKANAN DAN KELAUTAN PROVINSI JAWA BARAT | D134: =IFERROR(VALUE(SUBSTITUTE(INDEX('Paste BPG'!$A:$Z,MATCH($B134,'Paste BPG'!$C:$C,0),MATCH("BP UP/TUP",'Paste BPG'!$3:$3,0)),".","")),0) -> 0 | E134: =IFERROR(VALUE(SUBSTITUTE(INDEX('Paste BPG'!$A:$Z,MATCH($B134,'Paste BPG'!$C:$C,0),MATCH("BP LS BENDAHARA",'Paste BPG'!$3:$3,0)),".","")),0) -> 0 | F134: =IFERROR(VALUE(SUBSTITUTE(INDEX('Paste BPG'!$A:$Z,MATCH($B134,'Paste BPG'!$C:$C,0),MATCH("BP PAJAK",'Paste BPG'!$3:$3,0)),".","")),0) -> 0 | G134: =IFERROR(VALUE(SUBSTITUTE(INDEX('Paste BPG'!$A:$Z,MATCH($B134,'Paste BPG'!$C:$C,0),MATCH("BP HIBAH",'Paste BPG'!$3:$3,0)),".","")),0) -> 0 | H134: =IFERROR(VALUE(SUBSTITUTE(INDEX('Paste BPG'!$A:$Z,MATCH($B134,'Paste BPG'!$C:$C,0),MATCH("BP LAIN-LAIN",'Paste BPG'!$3:$3,0)),".","")),0) -> 0 | I134: =D134+E134+F134+G134+H134 -> 0 | J134: =D134 -> 0 | K134: =IFERROR(VALUE(SUBSTITUTE(INDEX('Paste BPG'!$A:$Z,MATCH($B134,'Paste BPG'!$C:$C,0),MATCH("KUITANSI",'Paste BPG'!$3:$3,0)),".","")),0) -> 0 | L134: =J134+K134 -> 0
B135: 145 | C135: KEMENTERIAN PEKERJAAN UMUM DAN PERUMAHAN RAKYAT | D135: =SUM(D136+D137+D138+D139+D140+D141+D142+D143+D144+D145+D146+D147+D148+D149+D150+D151+D152+D153+D154+D155+D156+D157+D158+D159+D160+D161+D162+D163+D164+D165+D166+D167+D168+D169) -> 0 | E135: =SUM(E136+E137+E138+E139+E140+E141+E142+E143+E144+E145+E146+E147+E148+E149+E150+E151+E152+E153+E154+E155+E156+E157+E158+E159+E160+E161+E162+E163+E164+E165+E166+E167+E168+E169) -> 0 | F135: =SUM(F136+F137+F138+F139+F140+F141+F142+F143+F144+F145+F146+F147+F148+F149+F150+F151+F152+F153+F154+F155+F156+F157+F158+F159+F160+F161+F162+F163+F164+F165+F166+F167+F168+F169) -> 0 | G135: =SUM(G136+G137+G138+G139+G140+G141+G142+G143+G144+G145+G146+G147+G148+G149+G150+G151+G152+G153+G154+G155+G156+G157+G158+G159+G160+G161+G162+G163+G164+G165+G166+G167+G168+G169) -> 0 | H135: =SUM(H136+H137+H138+H139+H140+H141+H142+H143+H144+H145+H146+H147+H148+H149+H150+H151+H152+H153+H154+H155+H156+H157+H158+H159+H160+H161+H162+H163+H164+H165+H166+H167+H168+H169) -> 0 | I135: =D135+E135+F135+G135+H135 -> 0 | J135: =SUM(J136+J137+J138+J139+J140+J141+J142+J143+J144+J145+J146+J147+J148+J149+J150+J151+J152+J153+J154+J155+J156+J157+J158+J159+J160+J161+J162+J163+J164+J165+J166+J167+J168+J169) -> 0 | K135: =SUM(K136+K137+K138+K139+K140+K141+K142+K143+K144+K145+K146+K147+K148+K149+K150+K151+K152+K153+K154+K155+K156+K157+K158+K159+K160+K161+K162+K163+K164+K165+K166+K167+K168+K169) -> 0 | L135: =J135+K135 -> 0
A136: 122 | B136: 693794 | C136: PELAKSANAAN JALAN NASIONAL WILAYAH III PROVINSI JAWA BARAT | D136: =IFERROR(VALUE(SUBSTITUTE(INDEX('Paste BPG'!$A:$Z,MATCH($B136,'Paste BPG'!$C:$C,0),MATCH("BP UP/TUP",'Paste BPG'!$3:$3,0)),".","")),0) -> 0 | E136: =IFERROR(VALUE(SUBSTITUTE(INDEX('Paste BPG'!$A:$Z,MATCH($B136,'Paste BPG'!$C:$C,0),MATCH("BP LS BENDAHARA",'Paste BPG'!$3:$3,0)),".","")),0) -> 0 | F136: =IFERROR(VALUE(SUBSTITUTE(INDEX('Paste BPG'!$A:$Z,MATCH($B136,'Paste BPG'!$C:$C,0),MATCH("BP PAJAK",'Paste BPG'!$3:$3,0)),".","")),0) -> 0 | G136: =IFERROR(VALUE(SUBSTITUTE(INDEX('Paste BPG'!$A:$Z,MATCH($B136,'Paste BPG'!$C:$C,0),MATCH("BP HIBAH",'Paste BPG'!$3:$3,0)),".","")),0) -> 0 | H136: =IFERROR(VALUE(SUBSTITUTE(INDEX('Paste BPG'!$A:$Z,MATCH($B136,'Paste BPG'!$C:$C,0),MATCH("BP LAIN-LAIN",'Paste BPG'!$3:$3,0)),".","")),0) -> 0 | I136: =D136+E136+F136+G136+H136 -> 0 | J136: =D136 -> 0 | K136: =IFERROR(VALUE(SUBSTITUTE(INDEX('Paste BPG'!$A:$Z,MATCH($B136,'Paste BPG'!$C:$C,0),MATCH("KUITANSI",'Paste BPG'!$3:$3,0)),".","")),0) -> 0 | L136: =J136+K136 -> 0
A137: 123 | B137: 694258 | C137: SNVT AIR TANAH DAN AIR BAKU BBWS CITARUM | D137: =IFERROR(VALUE(SUBSTITUTE(INDEX('Paste BPG'!$A:$Z,MATCH($B137,'Paste BPG'!$C:$C,0),MATCH("BP UP/TUP",'Paste BPG'!$3:$3,0)),".","")),0) -> 0 | E137: =IFERROR(VALUE(SUBSTITUTE(INDEX('Paste BPG'!$A:$Z,MATCH($B137,'Paste BPG'!$C:$C,0),MATCH("BP LS BENDAHARA",'Paste BPG'!$3:$3,0)),".","")),0) -> 0 | F137: =IFERROR(VALUE(SUBSTITUTE(INDEX('Paste BPG'!$A:$Z,MATCH($B137,'Paste BPG'!$C:$C,0),MATCH("BP PAJAK",'Paste BPG'!$3:$3,0)),".","")),0) -> 0 | G137: =IFERROR(VALUE(SUBSTITUTE(INDEX('Paste BPG'!$A:$Z,MATCH($B137,'Paste BPG'!$C:$C,0),MATCH("BP HIBAH",'Paste BPG'!$3:$3,0)),".","")),0) -> 0 | H137: =IFERROR(VALUE(SUBSTITUTE(INDEX('Paste BPG'!$A:$Z,MATCH($B137,'Paste BPG'!$C:$C,0),MATCH("BP LAIN-LAIN",'Paste BPG'!$3:$3,0)),".","")),0) -> 0 | I137: =D137+E137+F137+G137+H137 -> 0 | J137: =D137 -> 0 | K137: =IFERROR(VALUE(SUBSTITUTE(INDEX('Paste BPG'!$A:$Z,MATCH($B137,'Paste BPG'!$C:$C,0),MATCH("KUITANSI",'Paste BPG'!$3:$3,0)),".","")),0) -> 0 | L137: =J137+K137 -> 0
A138: 124 | B138: 694009 | C138: BALAI PENATAAN BANGUNAN, PRASARANA DAN KAWASAN JAWA BARAT | D138: =IFERROR(VALUE(SUBSTITUTE(INDEX('Paste BPG'!$A:$Z,MATCH($B138,'Paste BPG'!$C:$C,0),MATCH("BP UP/TUP",'Paste BPG'!$3:$3,0)),".","")),0) -> 0 | E138: =IFERROR(VALUE(SUBSTITUTE(INDEX('Paste BPG'!$A:$Z,MATCH($B138,'Paste BPG'!$C:$C,0),MATCH("BP LS BENDAHARA",'Paste BPG'!$3:$3,0)),".","")),0) -> 0 | F138: =IFERROR(VALUE(SUBSTITUTE(INDEX('Paste BPG'!$A:$Z,MATCH($B138,'Paste BPG'!$C:$C,0),MATCH("BP PAJAK",'Paste BPG'!$3:$3,0)),".","")),0) -> 0 | G138: =IFERROR(VALUE(SUBSTITUTE(INDEX('Paste BPG'!$A:$Z,MATCH($B138,'Paste BPG'!$C:$C,0),MATCH("BP HIBAH",'Paste BPG'!$3:$3,0)),".","")),0) -> 0 | H138: =IFERROR(VALUE(SUBSTITUTE(INDEX('Paste BPG'!$A:$Z,MATCH($B138,'Paste BPG'!$C:$C,0),MATCH("BP LAIN-LAIN",'Paste BPG'!$3:$3,0)),".","")),0) -> 0 | I138: =D138+E138+F138+G138+H138 -> 0 | J138: =D138 -> 0 | K138: =IFERROR(VALUE(SUBSTITUTE(INDEX('Paste BPG'!$A:$Z,MATCH($B138,'Paste BPG'!$C:$C,0),MATCH("KUITANSI",'Paste BPG'!$3:$3,0)),".","")),0) -> 0 | L138: =J138+K138 -> 0
A139: 125 | B139: 693802 | C139: BALAI BAHAN JALAN | D139: =IFERROR(VALUE(SUBSTITUTE(INDEX('Paste BPG'!$A:$Z,MATCH($B139,'Paste BPG'!$C:$C,0),MATCH("BP UP/TUP",'Paste BPG'!$3:$3,0)),".","")),0) -> 0 | E139: =IFERROR(VALUE(SUBSTITUTE(INDEX('Paste BPG'!$A:$Z,MATCH($B139,'Paste BPG'!$C:$C,0),MATCH("BP LS BENDAHARA",'Paste BPG'!$3:$3,0)),".","")),0) -> 0 | F139: =IFERROR(VALUE(SUBSTITUTE(INDEX('Paste BPG'!$A:$Z,MATCH($B139,'Paste BPG'!$C:$C,0),MATCH("BP PAJAK",'Paste BPG'!$3:$3,0)),".","")),0) -> 0 | G139: =IFERROR(VALUE(SUBSTITUTE(INDEX('Paste BPG'!$A:$Z,MATCH($B139,'Paste BPG'!$C:$C,0),MATCH("BP HIBAH",'Paste BPG'!$3:$3,0)),".","")),0) -> 0 | H139: =IFERROR(VALUE(SUBSTITUTE(INDEX('Paste BPG'!$A:$Z,MATCH($B139,'Paste BPG'!$C:$C,0),MATCH("BP LAIN-LAIN",'Paste BPG'!$3:$3,0)),".","")),0) -> 0 | I139: =D139+E139+F139+G139+H139 -> 0 | J139: =D139 -> 0 | K139: =IFERROR(VALUE(SUBSTITUTE(INDEX('Paste BPG'!$A:$Z,MATCH($B139,'Paste BPG'!$C:$C,0),MATCH("KUITANSI",'Paste BPG'!$3:$3,0)),".","")),0) -> 0 | L139: =J139+K139 -> 0
A140: 126 | B140: 693981 | C140: BALAI KAWASAN PERMUKIMAN DAN PERUMAHAN | D140: =IFERROR(VALUE(SUBSTITUTE(INDEX('Paste BPG'!$A:$Z,MATCH($B140,'Paste BPG'!$C:$C,0),MATCH("BP UP/TUP",'Paste BPG'!$3:$3,0)),".","")),0) -> 0 | E140: =IFERROR(VALUE(SUBSTITUTE(INDEX('Paste BPG'!$A:$Z,MATCH($B140,'Paste BPG'!$C:$C,0),MATCH("BP LS BENDAHARA",'Paste BPG'!$3:$3,0)),".","")),0) -> 0 | F140: =IFERROR(VALUE(SUBSTITUTE(INDEX('Paste BPG'!$A:$Z,MATCH($B140,'Paste BPG'!$C:$C,0),MATCH("BP PAJAK",'Paste BPG'!$3:$3,0)),".","")),0) -> 0 | G140: =IFERROR(VALUE(SUBSTITUTE(INDEX('Paste BPG'!$A:$Z,MATCH($B140,'Paste BPG'!$C:$C,0),MATCH("BP HIBAH",'Paste BPG'!$3:$3,0)),".","")),0) -> 0 | H140: =IFERROR(VALUE(SUBSTITUTE(INDEX('Paste BPG'!$A:$Z,MATCH($B140,'Paste BPG'!$C:$C,0),MATCH("BP LAIN-LAIN",'Paste BPG'!$3:$3,0)),".","")),0) -> 0 | I140: =D140+E140+F140+G140+H140 -> 0 | J140: =D140 -> 0 | K140: =IFERROR(VALUE(SUBSTITUTE(INDEX('Paste BPG'!$A:$Z,MATCH($B140,'Paste BPG'!$C:$C,0),MATCH("KUITANSI",'Paste BPG'!$3:$3,0)),".","")),0) -> 0 | L140: =J140+K140 -> 0
A141: 127 | B141: 694424 | C141: PUSAT PENGEMBANGAN KOMPETENSI BINA MARGA, PEMBIAYAAN INFRASTRUKTUR DAN PENGEMBANGAN INFRASTRUKTUR WILAYAH | D141: =IFERROR(VALUE(SUBSTITUTE(INDEX('Paste BPG'!$A:$Z,MATCH($B141,'Paste BPG'!$C:$C,0),MATCH("BP UP/TUP",'Paste BPG'!$3:$3,0)),".","")),0) -> 0 | E141: =IFERROR(VALUE(SUBSTITUTE(INDEX('Paste BPG'!$A:$Z,MATCH($B141,'Paste BPG'!$C:$C,0),MATCH("BP LS BENDAHARA",'Paste BPG'!$3:$3,0)),".","")),0) -> 0 | F141: =IFERROR(VALUE(SUBSTITUTE(INDEX('Paste BPG'!$A:$Z,MATCH($B141,'Paste BPG'!$C:$C,0),MATCH("BP PAJAK",'Paste BPG'!$3:$3,0)),".","")),0) -> 0 | G141: =IFERROR(VALUE(SUBSTITUTE(INDEX('Paste BPG'!$A:$Z,MATCH($B141,'Paste BPG'!$C:$C,0),MATCH("BP HIBAH",'Paste BPG'!$3:$3,0)),".","")),0) -> 0 | H141: =IFERROR(VALUE(SUBSTITUTE(INDEX('Paste BPG'!$A:$Z,MATCH($B141,'Paste BPG'!$C:$C,0),MATCH("BP LAIN-LAIN",'Paste BPG'!$3:$3,0)),".","")),0) -> 0 | I141: =D141+E141+F141+G141+H141 -> 0 | J141: =D141 -> 0 | K141: =IFERROR(VALUE(SUBSTITUTE(INDEX('Paste BPG'!$A:$Z,MATCH($B141,'Paste BPG'!$C:$C,0),MATCH("KUITANSI",'Paste BPG'!$3:$3,0)),".","")),0) -> 0 | L141: =J141+K141 -> 0
A142: 128 | B142: 693748 | C142: DINAS BINA MARGA PROV. JAWA BARAT | D142: =IFERROR(VALUE(SUBSTITUTE(INDEX('Paste BPG'!$A:$Z,MATCH($B142,'Paste BPG'!$C:$C,0),MATCH("BP UP/TUP",'Paste BPG'!$3:$3,0)),".","")),0) -> 0 | E142: =IFERROR(VALUE(SUBSTITUTE(INDEX('Paste BPG'!$A:$Z,MATCH($B142,'Paste BPG'!$C:$C,0),MATCH("BP LS BENDAHARA",'Paste BPG'!$3:$3,0)),".","")),0) -> 0 | F142: =IFERROR(VALUE(SUBSTITUTE(INDEX('Paste BPG'!$A:$Z,MATCH($B142,'Paste BPG'!$C:$C,0),MATCH("BP PAJAK",'Paste BPG'!$3:$3,0)),".","")),0) -> 0 | G142: =IFERROR(VALUE(SUBSTITUTE(INDEX('Paste BPG'!$A:$Z,MATCH($B142,'Paste BPG'!$C:$C,0),MATCH("BP HIBAH",'Paste BPG'!$3:$3,0)),".","")),0) -> 0 | H142: =IFERROR(VALUE(SUBSTITUTE(INDEX('Paste BPG'!$A:$Z,MATCH($B142,'Paste BPG'!$C:$C,0),MATCH("BP LAIN-LAIN",'Paste BPG'!$3:$3,0)),".","")),0) -> 0 | I142: =D142+E142+F142+G142+H142 -> 0 | J142: =D142 -> 0 | K142: =IFERROR(VALUE(SUBSTITUTE(INDEX('Paste BPG'!$A:$Z,MATCH($B142,'Paste BPG'!$C:$C,0),MATCH("KUITANSI",'Paste BPG'!$3:$3,0)),".","")),0) -> 0 | L142: =J142+K142 -> 0
A143: 129 | B143: 694037 | C143: PELAKSANAAN PRASARANA PERMUKIMAN WILAYAH II PROVINSI JAWA BARAT | D143: =IFERROR(VALUE(SUBSTITUTE(INDEX('Paste BPG'!$A:$Z,MATCH($B143,'Paste BPG'!$C:$C,0),MATCH("BP UP/TUP",'Paste BPG'!$3:$3,0)),".","")),0) -> 0 | E143: =IFERROR(VALUE(SUBSTITUTE(INDEX('Paste BPG'!$A:$Z,MATCH($B143,'Paste BPG'!$C:$C,0),MATCH("BP LS BENDAHARA",'Paste BPG'!$3:$3,0)),".","")),0) -> 0 | F143: =IFERROR(VALUE(SUBSTITUTE(INDEX('Paste BPG'!$A:$Z,MATCH($B143,'Paste BPG'!$C:$C,0),MATCH("BP PAJAK",'Paste BPG'!$3:$3,0)),".","")),0) -> 0 | G143: =IFERROR(VALUE(SUBSTITUTE(INDEX('Paste BPG'!$A:$Z,MATCH($B143,'Paste BPG'!$C:$C,0),MATCH("BP HIBAH",'Paste BPG'!$3:$3,0)),".","")),0) -> 0 | H143: =IFERROR(VALUE(SUBSTITUTE(INDEX('Paste BPG'!$A:$Z,MATCH($B143,'Paste BPG'!$C:$C,0),MATCH("BP LAIN-LAIN",'Paste BPG'!$3:$3,0)),".","")),0) -> 0 | I143: =D143+E143+F143+G143+H143 -> 0 | J143: =D143 -> 0 | K143: =IFERROR(VALUE(SUBSTITUTE(INDEX('Paste BPG'!$A:$Z,MATCH($B143,'Paste BPG'!$C:$C,0),MATCH("KUITANSI",'Paste BPG'!$3:$3,0)),".","")),0) -> 0 | L143: =J143+K143 -> 0
A144: 130 | B144: 694203 | C144: SNVT PELAKSANAAN JARINGAN SUMBER AIR CITARUM | D144: =IFERROR(VALUE(SUBSTITUTE(INDEX('Paste BPG'!$A:$Z,MATCH($B144,'Paste BPG'!$C:$C,0),MATCH("BP UP/TUP",'Paste BPG'!$3:$3,0)),".","")),0) -> 0 | E144: =IFERROR(VALUE(SUBSTITUTE(INDEX('Paste BPG'!$A:$Z,MATCH($B144,'Paste BPG'!$C:$C,0),MATCH("BP LS BENDAHARA",'Paste BPG'!$3:$3,0)),".","")),0) -> 0 | F144: =IFERROR(VALUE(SUBSTITUTE(INDEX('Paste BPG'!$A:$Z,MATCH($B144,'Paste BPG'!$C:$C,0),MATCH("BP PAJAK",'Paste BPG'!$3:$3,0)),".","")),0) -> 0 | G144: =IFERROR(VALUE(SUBSTITUTE(INDEX('Paste BPG'!$A:$Z,MATCH($B144,'Paste BPG'!$C:$C,0),MATCH("BP HIBAH",'Paste BPG'!$3:$3,0)),".","")),0) -> 0 | H144: =IFERROR(VALUE(SUBSTITUTE(INDEX('Paste BPG'!$A:$Z,MATCH($B144,'Paste BPG'!$C:$C,0),MATCH("BP LAIN-LAIN",'Paste BPG'!$3:$3,0)),".","")),0) -> 0 | I144: =D144+E144+F144+G144+H144 -> 0 | J144: =D144 -> 0 | K144: =IFERROR(VALUE(SUBSTITUTE(INDEX('Paste BPG'!$A:$Z,MATCH($B144,'Paste BPG'!$C:$C,0),MATCH("KUITANSI",'Paste BPG'!$3:$3,0)),".","")),0) -> 0 | L144: =J144+K144 -> 0
A145: 131 | B145: 693830 | C145: PERENCANAAN DAN PENGAWASAN JALAN NASIONAL PROVINSI JABAR | D145: =IFERROR(VALUE(SUBSTITUTE(INDEX('Paste BPG'!$A:$Z,MATCH($B145,'Paste BPG'!$C:$C,0),MATCH("BP UP/TUP",'Paste BPG'!$3:$3,0)),".","")),0) -> 0 | E145: =IFERROR(VALUE(SUBSTITUTE(INDEX('Paste BPG'!$A:$Z,MATCH($B145,'Paste BPG'!$C:$C,0),MATCH("BP LS BENDAHARA",'Paste BPG'!$3:$3,0)),".","")),0) -> 0 | F145: =IFERROR(VALUE(SUBSTITUTE(INDEX('Paste BPG'!$A:$Z,MATCH($B145,'Paste BPG'!$C:$C,0),MATCH("BP PAJAK",'Paste BPG'!$3:$3,0)),".","")),0) -> 0 | G145: =IFERROR(VALUE(SUBSTITUTE(INDEX('Paste BPG'!$A:$Z,MATCH($B145,'Paste BPG'!$C:$C,0),MATCH("BP HIBAH",'Paste BPG'!$3:$3,0)),".","")),0) -> 0 | H145: =IFERROR(VALUE(SUBSTITUTE(INDEX('Paste BPG'!$A:$Z,MATCH($B145,'Paste BPG'!$C:$C,0),MATCH("BP LAIN-LAIN",'Paste BPG'!$3:$3,0)),".","")),0) -> 0 | I145: =D145+E145+F145+G145+H145 -> 0 | J145: =D145 -> 0 | K145: =IFERROR(VALUE(SUBSTITUTE(INDEX('Paste BPG'!$A:$Z,MATCH($B145,'Paste BPG'!$C:$C,0),MATCH("KUITANSI",'Paste BPG'!$3:$3,0)),".","")),0) -> 0 | L145: =J145+K145 -> 0
A146: 132 | B146: 693804 | C146: BALAI GEOTEKNIK, TEROWONGAN DAN STRUKTUR | D146: =IFERROR(VALUE(SUBSTITUTE(INDEX('Paste BPG'!$A:$Z,MATCH($B146,'Paste BPG'!$C:$C,0),MATCH("BP UP/TUP",'Paste BPG'!$3:$3,0)),".","")),0) -> 0 | E146: =IFERROR(VALUE(SUBSTITUTE(INDEX('Paste BPG'!$A:$Z,MATCH($B146,'Paste BPG'!$C:$C,0),MATCH("BP LS BENDAHARA",'Paste BPG'!$3:$3,0)),".","")),0) -> 0 | F146: =IFERROR(VALUE(SUBSTITUTE(INDEX('Paste BPG'!$A:$Z,MATCH($B146,'Paste BPG'!$C:$C,0),MATCH("BP PAJAK",'Paste BPG'!$3:$3,0)),".","")),0) -> 0 | G146: =IFERROR(VALUE(SUBSTITUTE(INDEX('Paste BPG'!$A:$Z,MATCH($B146,'Paste BPG'!$C:$C,0),MATCH("BP HIBAH",'Paste BPG'!$3:$3,0)),".","")),0) -> 0 | H146: =IFERROR(VALUE(SUBSTITUTE(INDEX('Paste BPG'!$A:$Z,MATCH($B146,'Paste BPG'!$C:$C,0),MATCH("BP LAIN-LAIN",'Paste BPG'!$3:$3,0)),".","")),0) -> 0 | I146: =D146+E146+F146+G146+H146 -> 0 | J146: =D146 -> 0 | K146: =IFERROR(VALUE(SUBSTITUTE(INDEX('Paste BPG'!$A:$Z,MATCH($B146,'Paste BPG'!$C:$C,0),MATCH("KUITANSI",'Paste BPG'!$3:$3,0)),".","")),0) -> 0 | L146: =J146+K146 -> 0
A147: 133 | B147: 694389 | C147: BALAI PELAKSANA PEMILIHAN JASA KONSTRUKSI WILAYAH JAWA BARAT | D147: =IFERROR(VALUE(SUBSTITUTE(INDEX('Paste BPG'!$A:$Z,MATCH($B147,'Paste BPG'!$C:$C,0),MATCH("BP UP/TUP",'Paste BPG'!$3:$3,0)),".","")),0) -> 0 | E147: =IFERROR(VALUE(SUBSTITUTE(INDEX('Paste BPG'!$A:$Z,MATCH($B147,'Paste BPG'!$C:$C,0),MATCH("BP LS BENDAHARA",'Paste BPG'!$3:$3,0)),".","")),0) -> 0 | F147: =IFERROR(VALUE(SUBSTITUTE(INDEX('Paste BPG'!$A:$Z,MATCH($B147,'Paste BPG'!$C:$C,0),MATCH("BP PAJAK",'Paste BPG'!$3:$3,0)),".","")),0) -> 0 | G147: =IFERROR(VALUE(SUBSTITUTE(INDEX('Paste BPG'!$A:$Z,MATCH($B147,'Paste BPG'!$C:$C,0),MATCH("BP HIBAH",'Paste BPG'!$3:$3,0)),".","")),0) -> 0 | H147: =IFERROR(VALUE(SUBSTITUTE(INDEX('Paste BPG'!$A:$Z,MATCH($B147,'Paste BPG'!$C:$C,0),MATCH("BP LAIN-LAIN",'Paste BPG'!$3:$3,0)),".","")),0) -> 0 | I147: =D147+E147+F147+G147+H147 -> 0 | J147: =D147 -> 0 | K147: =IFERROR(VALUE(SUBSTITUTE(INDEX('Paste BPG'!$A:$Z,MATCH($B147,'Paste BPG'!$C:$C,0),MATCH("KUITANSI",'Paste BPG'!$3:$3,0)),".","")),0) -> 0 | L147: =J147+K147 -> 0
... A169: 155 | B169: 691294 | C169: PELAKSANAAN PRASARANA STRATEGIS JAWA BARAT | D169: =IFERROR(VALUE(SUBSTITUTE(INDEX('Paste BPG'!$A:$Z,MATCH($B169,'Paste BPG'!$C:$C,0),MATCH("BP UP/TUP",'Paste BPG'!$3:$3,0)),".","")),0) -> 0 | E169: =IFERROR(VALUE(SUBSTITUTE(INDEX('Paste BPG'!$A:$Z,MATCH($B169,'Paste BPG'!$C:$C,0),MATCH("BP LS BENDAHARA",'Paste BPG'!$3:$3,0)),".","")),0) -> 0 | F169: =IFERROR(VALUE(SUBSTITUTE(INDEX('Paste BPG'!$A:$Z,MATCH($B169,'Paste BPG'!$C:$C,0),MATCH("BP PAJAK",'Paste BPG'!$3:$3,0)),".","")),0) -> 0 | G169: =IFERROR(VALUE(SUBSTITUTE(INDEX('Paste BPG'!$A:$Z,MATCH($B169,'Paste BPG'!$C:$C,0),MATCH("BP HIBAH",'Paste BPG'!$3:$3,0)),".","")),0) -> 0 | H169: =IFERROR(VALUE(SUBSTITUTE(INDEX('Paste BPG'!$A:$Z,MATCH($B169,'Paste BPG'!$C:$C,0),MATCH("BP LAIN-LAIN",'Paste BPG'!$3:$3,0)),".","")),0) -> 0 | I169: =D169+E169+F169+G169+H169 -> 0 | J169: =D169 -> 0 | K169: =IFERROR(VALUE(SUBSTITUTE(INDEX('Paste BPG'!$A:$Z,MATCH($B169,'Paste BPG'!$C:$C,0),MATCH("KUITANSI",'Paste BPG'!$3:$3,0)),".","")),0) -> 0 | L169: =J169+K169 -> 0
B170: 054 | C170: BADAN PUSAT STATISTIK | D170: =SUM(D171+D172+D173+D174+D175) -> 0 | E170: =SUM(E171+E172+E173+E174+E175) -> 0 | F170: =SUM(F171+F172+F173+F174+F175) -> 0 | G170: =SUM(G171+G172+G173+G174+G175) -> 0 | H170: =SUM(H171+H172+H173+H174+H175) -> 0 | I170: =D170+E170+F170+G170+H170 -> 0 | J170: =SUM(J171+J172+J173+J174+J175) -> 0 | K170: =SUM(K171+K172+K173+K174+K175) -> 0 | L170: =J170+K170 -> 0
A171: 156 | B171: 018597 | C171: BADAN PUSAT STATISTIK PROP. JAWA BARAT | D171: =IFERROR(VALUE(SUBSTITUTE(INDEX('Paste BPG'!$A:$Z,MATCH($B171,'Paste BPG'!$C:$C,0),MATCH("BP UP/TUP",'Paste BPG'!$3:$3,0)),".","")),0) -> 0 | E171: =IFERROR(VALUE(SUBSTITUTE(INDEX('Paste BPG'!$A:$Z,MATCH($B171,'Paste BPG'!$C:$C,0),MATCH("BP LS BENDAHARA",'Paste BPG'!$3:$3,0)),".","")),0) -> 0 | F171: =IFERROR(VALUE(SUBSTITUTE(INDEX('Paste BPG'!$A:$Z,MATCH($B171,'Paste BPG'!$C:$C,0),MATCH("BP PAJAK",'Paste BPG'!$3:$3,0)),".","")),0) -> 0 | G171: =IFERROR(VALUE(SUBSTITUTE(INDEX('Paste BPG'!$A:$Z,MATCH($B171,'Paste BPG'!$C:$C,0),MATCH("BP HIBAH",'Paste BPG'!$3:$3,0)),".","")),0) -> 0 | H171: =IFERROR(VALUE(SUBSTITUTE(INDEX('Paste BPG'!$A:$Z,MATCH($B171,'Paste BPG'!$C:$C,0),MATCH("BP LAIN-LAIN",'Paste BPG'!$3:$3,0)),".","")),0) -> 0 | I171: =D171+E171+F171+G171+H171 -> 0 | J171: =D171 -> 0 | K171: =IFERROR(VALUE(SUBSTITUTE(INDEX('Paste BPG'!$A:$Z,MATCH($B171,'Paste BPG'!$C:$C,0),MATCH("KUITANSI",'Paste BPG'!$3:$3,0)),".","")),0) -> 0 | L171: =J171+K171 -> 0
A172: 157 | B172: 018602 | C172: BADAN PUSAT STATISTIK KOTA BANDUNG | D172: =IFERROR(VALUE(SUBSTITUTE(INDEX('Paste BPG'!$A:$Z,MATCH($B172,'Paste BPG'!$C:$C,0),MATCH("BP UP/TUP",'Paste BPG'!$3:$3,0)),".","")),0) -> 0 | E172: =IFERROR(VALUE(SUBSTITUTE(INDEX('Paste BPG'!$A:$Z,MATCH($B172,'Paste BPG'!$C:$C,0),MATCH("BP LS BENDAHARA",'Paste BPG'!$3:$3,0)),".","")),0) -> 0 | F172: =IFERROR(VALUE(SUBSTITUTE(INDEX('Paste BPG'!$A:$Z,MATCH($B172,'Paste BPG'!$C:$C,0),MATCH("BP PAJAK",'Paste BPG'!$3:$3,0)),".","")),0) -> 0 | G172: =IFERROR(VALUE(SUBSTITUTE(INDEX('Paste BPG'!$A:$Z,MATCH($B172,'Paste BPG'!$C:$C,0),MATCH("BP HIBAH",'Paste BPG'!$3:$3,0)),".","")),0) -> 0 | H172: =IFERROR(VALUE(SUBSTITUTE(INDEX('Paste BPG'!$A:$Z,MATCH($B172,'Paste BPG'!$C:$C,0),MATCH("BP LAIN-LAIN",'Paste BPG'!$3:$3,0)),".","")),0) -> 0 | I172: =D172+E172+F172+G172+H172 -> 0 | J172: =D172 -> 0 | K172: =IFERROR(VALUE(SUBSTITUTE(INDEX('Paste BPG'!$A:$Z,MATCH($B172,'Paste BPG'!$C:$C,0),MATCH("KUITANSI",'Paste BPG'!$3:$3,0)),".","")),0) -> 0 | L172: =J172+K172 -> 0
A173: 158 | B173: 018619 | C173: BADAN PUSAT STATISTIK KAB. BANDUNG | D173: =IFERROR(VALUE(SUBSTITUTE(INDEX('Paste BPG'!$A:$Z,MATCH($B173,'Paste BPG'!$C:$C,0),MATCH("BP UP/TUP",'Paste BPG'!$3:$3,0)),".","")),0) -> 0 | E173: =IFERROR(VALUE(SUBSTITUTE(INDEX('Paste BPG'!$A:$Z,MATCH($B173,'Paste BPG'!$C:$C,0),MATCH("BP LS BENDAHARA",'Paste BPG'!$3:$3,0)),".","")),0) -> 0 | F173: =IFERROR(VALUE(SUBSTITUTE(INDEX('Paste BPG'!$A:$Z,MATCH($B173,'Paste BPG'!$C:$C,0),MATCH("BP PAJAK",'Paste BPG'!$3:$3,0)),".","")),0) -> 0 | G173: =IFERROR(VALUE(SUBSTITUTE(INDEX('Paste BPG'!$A:$Z,MATCH($B173,'Paste BPG'!$C:$C,0),MATCH("BP HIBAH",'Paste BPG'!$3:$3,0)),".","")),0) -> 0 | H173: =IFERROR(VALUE(SUBSTITUTE(INDEX('Paste BPG'!$A:$Z,MATCH($B173,'Paste BPG'!$C:$C,0),MATCH("BP LAIN-LAIN",'Paste BPG'!$3:$3,0)),".","")),0) -> 0 | I173: =D173+E173+F173+G173+H173 -> 0 | J173: =D173 -> 0 | K173: =IFERROR(VALUE(SUBSTITUTE(INDEX('Paste BPG'!$A:$Z,MATCH($B173,'Paste BPG'!$C:$C,0),MATCH("KUITANSI",'Paste BPG'!$3:$3,0)),".","")),0) -> 0 | L173: =J173+K173 -> 0
A174: 159 | B174: 652229 | C174: BADAN PUSAT STATISTIK KOTA CIMAHI | D174: =IFERROR(VALUE(SUBSTITUTE(INDEX('Paste BPG'!$A:$Z,MATCH($B174,'Paste BPG'!$C:$C,0),MATCH("BP UP/TUP",'Paste BPG'!$3:$3,0)),".","")),0) -> 0 | E174: =IFERROR(VALUE(SUBSTITUTE(INDEX('Paste BPG'!$A:$Z,MATCH($B174,'Paste BPG'!$C:$C,0),MATCH("BP LS BENDAHARA",'Paste BPG'!$3:$3,0)),".","")),0) -> 0 | F174: =IFERROR(VALUE(SUBSTITUTE(INDEX('Paste BPG'!$A:$Z,MATCH($B174,'Paste BPG'!$C:$C,0),MATCH("BP PAJAK",'Paste BPG'!$3:$3,0)),".","")),0) -> 0 | G174: =IFERROR(VALUE(SUBSTITUTE(INDEX('Paste BPG'!$A:$Z,MATCH($B174,'Paste BPG'!$C:$C,0),MATCH("BP HIBAH",'Paste BPG'!$3:$3,0)),".","")),0) -> 0 | H174: =IFERROR(VALUE(SUBSTITUTE(INDEX('Paste BPG'!$A:$Z,MATCH($B174,'Paste BPG'!$C:$C,0),MATCH("BP LAIN-LAIN",'Paste BPG'!$3:$3,0)),".","")),0) -> 0 | I174: =D174+E174+F174+G174+H174 -> 0 | J174: =D174 -> 0 | K174: =IFERROR(VALUE(SUBSTITUTE(INDEX('Paste BPG'!$A:$Z,MATCH($B174,'Paste BPG'!$C:$C,0),MATCH("KUITANSI",'Paste BPG'!$3:$3,0)),".","")),0) -> 0 | L174: =J174+K174 -> 0
A175: 160 | B175: 673542 | C175: BADAN PUSAT STATISTIK KAB. BANDUNG BARAT | D175: =IFERROR(VALUE(SUBSTITUTE(INDEX('Paste BPG'!$A:$Z,MATCH($B175,'Paste BPG'!$C:$C,0),MATCH("BP UP/TUP",'Paste BPG'!$3:$3,0)),".","")),0) -> 0 | E175: =IFERROR(VALUE(SUBSTITUTE(INDEX('Paste BPG'!$A:$Z,MATCH($B175,'Paste BPG'!$C:$C,0),MATCH("BP LS BENDAHARA",'Paste BPG'!$3:$3,0)),".","")),0) -> 0 | F175: =IFERROR(VALUE(SUBSTITUTE(INDEX('Paste BPG'!$A:$Z,MATCH($B175,'Paste BPG'!$C:$C,0),MATCH("BP PAJAK",'Paste BPG'!$3:$3,0)),".","")),0) -> 0 | G175: =IFERROR(VALUE(SUBSTITUTE(INDEX('Paste BPG'!$A:$Z,MATCH($B175,'Paste BPG'!$C:$C,0),MATCH("BP HIBAH",'Paste BPG'!$3:$3,0)),".","")),0) -> 0 | H175: =IFERROR(VALUE(SUBSTITUTE(INDEX('Paste BPG'!$A:$Z,MATCH($B175,'Paste BPG'!$C:$C,0),MATCH("BP LAIN-LAIN",'Paste BPG'!$3:$3,0)),".","")),0) -> 0 | I175: =D175+E175+F175+G175+H175 -> 0 | J175: =D175 -> 0 | K175: =IFERROR(VALUE(SUBSTITUTE(INDEX('Paste BPG'!$A:$Z,MATCH($B175,'Paste BPG'!$C:$C,0),MATCH("KUITANSI",'Paste BPG'!$3:$3,0)),".","")),0) -> 0 | L175: =J175+K175 -> 0
B176: 059 | C176: KEMENTERIAN KOMUNIKASI DAN INFORMATIKA | D176: =D177+D178 -> 0 | E176: =E177+E178 -> 0 | F176: =F177+F178 -> 0 | G176: =G177+G178 -> 0 | H176: =H177+H178 -> 0 | I176: =D176+E176+F176+G176+H176 -> 0 | J176: =J177+J178 -> 0 | K176: =K177+K178 -> 0 | L176: =J176+K176 -> 0
A177: 161 | B177: 432659 | C177: BALAI PENGEMBANGAN SUMBER DAYA MANUSIA DAN PENELITIAN KOMUNIKASI DAN INFORMATIKA BANDUNG | D177: =IFERROR(VALUE(SUBSTITUTE(INDEX('Paste BPG'!$A:$Z,MATCH($B177,'Paste BPG'!$C:$C,0),MATCH("BP UP/TUP",'Paste BPG'!$3:$3,0)),".","")),0) -> 0 | E177: =IFERROR(VALUE(SUBSTITUTE(INDEX('Paste BPG'!$A:$Z,MATCH($B177,'Paste BPG'!$C:$C,0),MATCH("BP LS BENDAHARA",'Paste BPG'!$3:$3,0)),".","")),0) -> 0 | F177: =IFERROR(VALUE(SUBSTITUTE(INDEX('Paste BPG'!$A:$Z,MATCH($B177,'Paste BPG'!$C:$C,0),MATCH("BP PAJAK",'Paste BPG'!$3:$3,0)),".","")),0) -> 0 | G177: =IFERROR(VALUE(SUBSTITUTE(INDEX('Paste BPG'!$A:$Z,MATCH($B177,'Paste BPG'!$C:$C,0),MATCH("BP HIBAH",'Paste BPG'!$3:$3,0)),".","")),0) -> 0 | H177: =IFERROR(VALUE(SUBSTITUTE(INDEX('Paste BPG'!$A:$Z,MATCH($B177,'Paste BPG'!$C:$C,0),MATCH("BP LAIN-LAIN",'Paste BPG'!$3:$3,0)),".","")),0) -> 0 | I177: =D177+E177+F177+G177+H177 -> 0 | J177: =D177 -> 0 | K177: =IFERROR(VALUE(SUBSTITUTE(INDEX('Paste BPG'!$A:$Z,MATCH($B177,'Paste BPG'!$C:$C,0),MATCH("KUITANSI",'Paste BPG'!$3:$3,0)),".","")),0) -> 0 | L177: =J177+K177 -> 0
A178: 162 | B178: 694695 | C178: BALAI MONITOR SPEKTRUM FREKUENSI RADIO KELAS I BANDUNG | D178: =IFERROR(VALUE(SUBSTITUTE(INDEX('Paste BPG'!$A:$Z,MATCH($B178,'Paste BPG'!$C:$C,0),MATCH("BP UP/TUP",'Paste BPG'!$3:$3,0)),".","")),0) -> 0 | E178: =IFERROR(VALUE(SUBSTITUTE(INDEX('Paste BPG'!$A:$Z,MATCH($B178,'Paste BPG'!$C:$C,0),MATCH("BP LS BENDAHARA",'Paste BPG'!$3:$3,0)),".","")),0) -> 0 | F178: =IFERROR(VALUE(SUBSTITUTE(INDEX('Paste BPG'!$A:$Z,MATCH($B178,'Paste BPG'!$C:$C,0),MATCH("BP PAJAK",'Paste BPG'!$3:$3,0)),".","")),0) -> 0 | G178: =IFERROR(VALUE(SUBSTITUTE(INDEX('Paste BPG'!$A:$Z,MATCH($B178,'Paste BPG'!$C:$C,0),MATCH("BP HIBAH",'Paste BPG'!$3:$3,0)),".","")),0) -> 0 | H178: =IFERROR(VALUE(SUBSTITUTE(INDEX('Paste BPG'!$A:$Z,MATCH($B178,'Paste BPG'!$C:$C,0),MATCH("BP LAIN-LAIN",'Paste BPG'!$3:$3,0)),".","")),0) -> 0 | I178: =D178+E178+F178+G178+H178 -> 0 | J178: =D178 -> 0 | K178: =IFERROR(VALUE(SUBSTITUTE(INDEX('Paste BPG'!$A:$Z,MATCH($B178,'Paste BPG'!$C:$C,0),MATCH("KUITANSI",'Paste BPG'!$3:$3,0)),".","")),0) -> 0 | L178: =J178+K178 -> 0
B179: 063 | C179: BADAN PENGAWAS OBAT DAN MAKANAN | D179: =D180 -> 0 | E179: =E180 -> 0 | F179: =F180 -> 0 | G179: =G180 -> 0 | H179: =H180 -> 0 | I179: =D179+E179+F179+G179+H179 -> 0 | J179: =J180 -> 0 | K179: =K180 -> 0 | L179: =J179+K179 -> 0
A180: 163 | B180: 432753 | C180: BALAI BESAR PENGAWAS OBAT DAN MAKANAN BANDUNG | D180: =IFERROR(VALUE(SUBSTITUTE(INDEX('Paste BPG'!$A:$Z,MATCH($B180,'Paste BPG'!$C:$C,0),MATCH("BP UP/TUP",'Paste BPG'!$3:$3,0)),".","")),0) -> 0 | E180: =IFERROR(VALUE(SUBSTITUTE(INDEX('Paste BPG'!$A:$Z,MATCH($B180,'Paste BPG'!$C:$C,0),MATCH("BP LS BENDAHARA",'Paste BPG'!$3:$3,0)),".","")),0) -> 0 | F180: =IFERROR(VALUE(SUBSTITUTE(INDEX('Paste BPG'!$A:$Z,MATCH($B180,'Paste BPG'!$C:$C,0),MATCH("BP PAJAK",'Paste BPG'!$3:$3,0)),".","")),0) -> 0 | G180: =IFERROR(VALUE(SUBSTITUTE(INDEX('Paste BPG'!$A:$Z,MATCH($B180,'Paste BPG'!$C:$C,0),MATCH("BP HIBAH",'Paste BPG'!$3:$3,0)),".","")),0) -> 0 | H180: =IFERROR(VALUE(SUBSTITUTE(INDEX('Paste BPG'!$A:$Z,MATCH($B180,'Paste BPG'!$C:$C,0),MATCH("BP LAIN-LAIN",'Paste BPG'!$3:$3,0)),".","")),0) -> 0 | I180: =D180+E180+F180+G180+H180 -> 0 | J180: =D180 -> 0 | K180: =IFERROR(VALUE(SUBSTITUTE(INDEX('Paste BPG'!$A:$Z,MATCH($B180,'Paste BPG'!$C:$C,0),MATCH("KUITANSI",'Paste BPG'!$3:$3,0)),".","")),0) -> 0 | L180: =J180+K180 -> 0
...

Sheet Paste BPG
A1: REKAPITULASI LPJ BENDAHARA PENGELUARAN TINGKAT KPPN
A3: NO | B3: BA | C3: SATKER | D3: NAMA SATKER | E3: TGL KIRIM | F3: TGL VALIDASI KPPN | G3: TGL TOLAKAN TERAKHIR | H3: KEWAJIBAN LPJ | I3: STATUS VALIDASI | J3: BP UP/TUP | K3: BP LS BENDAHARA | L3: BP PAJAK | M3: BP HIBAH | N3: BP LAIN-LAIN | O3: JUMLAH | P3: SALDO KAS | Q3: KUITANSI | R3: JUMLAH

Sheet Report BPN
A1: DAFTAR LPJ PENERIMAAN
A2: ='Report BPG'!M2 -> BULAN JUNI TAHUN 2026
A3: KPPN BANDUNG II (095)
A4: NO | B4: KODE | C4: NAMA SATKER | D4: SALDO KAS | G4: SALDO PENERIMAAN DAN PENYETORAN
B5: SATKER | D5: KAS TUNAI | E5: KAS BANK | F5: JUMLAH | G5: SALDO AWAL | H5: PENERIMAAN | I5: PENYETORAN | J5: SALDO
B6: 005 | C6: MAHKAMAH AGUNG | D6: =SUM(D7+D8+D9+D10+D11+D12+D13+D14+D15+D16+D17+D18+D19+D20) -> 0 | E6: =SUM(E7+E8+E9+E10+E11+E12+E13+E14+E15+E16+E17+E18+E19+E20) -> 0 | F6: =D6+E6 -> 0 | G6: =SUM(G7+G8+G9+G10+G11+G12+G13+G14+G15+G16+G17+G18+G19+G20) -> 0 | H6: =SUM(H7+H8+H9+H10+H11+H12+H13+H14+H15+H16+H17+H18+H19+H20) -> 0 | I6: =SUM(I7+I8+I9+I10+I11+I12+I13+I14+I15+I16+I17+I18+I19+I20) -> 0 | J6: =G6+H6-I6+F6 -> 0
A7: 1 | B7: 097500 | C7: PENGADILAN TINGGI BANDUNG | D7: =IFERROR(VALUE(SUBSTITUTE(INDEX('Paste BPN'!$A:$Z,MATCH($B7,'Paste BPN'!$C:$C,0),MATCH("KAS TUNAI",'Paste BPN'!$3:$3,0)),".","")),0) -> 0 | E7: =IFERROR(VALUE(SUBSTITUTE(INDEX('Paste BPN'!$A:$Z,MATCH($B7,'Paste BPN'!$C:$C,0),MATCH("KAS BANK",'Paste BPN'!$3:$3,0)),".","")),0) -> 0 | F7: =D7+E7 -> 0 | G7: =IFERROR(VALUE(SUBSTITUTE(INDEX('Paste BPN'!$A:$Z,MATCH($B7,'Paste BPN'!$C:$C,0),MATCH("SALDO AWAL PNBP",'Paste BPN'!$3:$3,0)),".","")),0) -> 0 | H7: =IFERROR(VALUE(SUBSTITUTE(INDEX('Paste BPN'!$A:$Z,MATCH($B7,'Paste BPN'!$C:$C,0),MATCH("PENERIMAAN PNBP",'Paste BPN'!$3:$3,0)),".","")),0) -> 0 | I7: =IFERROR(VALUE(SUBSTITUTE(INDEX('Paste BPN'!$A:$Z,MATCH($B7,'Paste BPN'!$C:$C,0),MATCH("PENYETORAN PNBP",'Paste BPN'!$3:$3,0)),".","")),0) -> 0 | J7: =G7+H7-I7+F7 -> 0
A8: 2 | B8: 097514 | C8: PENGADILAN NEGERI BANDUNG | D8: =IFERROR(VALUE(SUBSTITUTE(INDEX('Paste BPN'!$A:$Z,MATCH($B8,'Paste BPN'!$C:$C,0),MATCH("KAS TUNAI",'Paste BPN'!$3:$3,0)),".","")),0) -> 0 | E8: =IFERROR(VALUE(SUBSTITUTE(INDEX('Paste BPN'!$A:$Z,MATCH($B8,'Paste BPN'!$C:$C,0),MATCH("KAS BANK",'Paste BPN'!$3:$3,0)),".","")),0) -> 0 | F8: =D8+E8 -> 0 | G8: =IFERROR(VALUE(SUBSTITUTE(INDEX('Paste BPN'!$A:$Z,MATCH($B8,'Paste BPN'!$C:$C,0),MATCH("SALDO AWAL PNBP",'Paste BPN'!$3:$3,0)),".","")),0) -> 0 | H8: =IFERROR(VALUE(SUBSTITUTE(INDEX('Paste BPN'!$A:$Z,MATCH($B8,'Paste BPN'!$C:$C,0),MATCH("PENERIMAAN PNBP",'Paste BPN'!$3:$3,0)),".","")),0) -> 0 | I8: =IFERROR(VALUE(SUBSTITUTE(INDEX('Paste BPN'!$A:$Z,MATCH($B8,'Paste BPN'!$C:$C,0),MATCH("PENYETORAN PNBP",'Paste BPN'!$3:$3,0)),".","")),0) -> 0 | J8: =G8+H8-I8+F8 -> 0
A9: 3 | B9: 099067 | C9: PENGADILAN TINGGI BANDUNG | D9: =IFERROR(VALUE(SUBSTITUTE(INDEX('Paste BPN'!$A:$Z,MATCH($B9,'Paste BPN'!$C:$C,0),MATCH("KAS TUNAI",'Paste BPN'!$3:$3,0)),".","")),0) -> 0 | E9: =IFERROR(VALUE(SUBSTITUTE(INDEX('Paste BPN'!$A:$Z,MATCH($B9,'Paste BPN'!$C:$C,0),MATCH("KAS BANK",'Paste BPN'!$3:$3,0)),".","")),0) -> 0 | F9: =D9+E9 -> 0 | G9: =IFERROR(VALUE(SUBSTITUTE(INDEX('Paste BPN'!$A:$Z,MATCH($B9,'Paste BPN'!$C:$C,0),MATCH("SALDO AWAL PNBP",'Paste BPN'!$3:$3,0)),".","")),0) -> 0 | H9: =IFERROR(VALUE(SUBSTITUTE(INDEX('Paste BPN'!$A:$Z,MATCH($B9,'Paste BPN'!$C:$C,0),MATCH("PENERIMAAN PNBP",'Paste BPN'!$3:$3,0)),".","")),0) -> 0 | I9: =IFERROR(VALUE(SUBSTITUTE(INDEX('Paste BPN'!$A:$Z,MATCH($B9,'Paste BPN'!$C:$C,0),MATCH("PENYETORAN PNBP",'Paste BPN'!$3:$3,0)),".","")),0) -> 0 | J9: =G9+H9-I9+F9 -> 0
A10: 4 | B10: 099068 | C10: PENGADILAN NEGERI BANDUNG | D10: =IFERROR(VALUE(SUBSTITUTE(INDEX('Paste BPN'!$A:$Z,MATCH($B10,'Paste BPN'!$C:$C,0),MATCH("KAS TUNAI",'Paste BPN'!$3:$3,0)),".","")),0) -> 0 | E10: =IFERROR(VALUE(SUBSTITUTE(INDEX('Paste BPN'!$A:$Z,MATCH($B10,'Paste BPN'!$C:$C,0),MATCH("KAS BANK",'Paste BPN'!$3:$3,0)),".","")),0) -> 0 | F10: =D10+E10 -> 0 | G10: =IFERROR(VALUE(SUBSTITUTE(INDEX('Paste BPN'!$A:$Z,MATCH($B10,'Paste BPN'!$C:$C,0),MATCH("SALDO AWAL PNBP",'Paste BPN'!$3:$3,0)),".","")),0) -> 0 | H10: =IFERROR(VALUE(SUBSTITUTE(INDEX('Paste BPN'!$A:$Z,MATCH($B10,'Paste BPN'!$C:$C,0),MATCH("PENERIMAAN PNBP",'Paste BPN'!$3:$3,0)),".","")),0) -> 0 | I10: =IFERROR(VALUE(SUBSTITUTE(INDEX('Paste BPN'!$A:$Z,MATCH($B10,'Paste BPN'!$C:$C,0),MATCH("PENYETORAN PNBP",'Paste BPN'!$3:$3,0)),".","")),0) -> 0 | J10: =G10+H10-I10+F10 -> 0
A11: 5 | B11: 308166 | C11: PENGADILAN TINGGI AGAMA BANDUNG | D11: =IFERROR(VALUE(SUBSTITUTE(INDEX('Paste BPN'!$A:$Z,MATCH($B11,'Paste BPN'!$C:$C,0),MATCH("KAS TUNAI",'Paste BPN'!$3:$3,0)),".","")),0) -> 0 | E11: =IFERROR(VALUE(SUBSTITUTE(INDEX('Paste BPN'!$A:$Z,MATCH($B11,'Paste BPN'!$C:$C,0),MATCH("KAS BANK",'Paste BPN'!$3:$3,0)),".","")),0) -> 0 | F11: =D11+E11 -> 0 | G11: =IFERROR(VALUE(SUBSTITUTE(INDEX('Paste BPN'!$A:$Z,MATCH($B11,'Paste BPN'!$C:$C,0),MATCH("SALDO AWAL PNBP",'Paste BPN'!$3:$3,0)),".","")),0) -> 0 | H11: =IFERROR(VALUE(SUBSTITUTE(INDEX('Paste BPN'!$A:$Z,MATCH($B11,'Paste BPN'!$C:$C,0),MATCH("PENERIMAAN PNBP",'Paste BPN'!$3:$3,0)),".","")),0) -> 0 | I11: =IFERROR(VALUE(SUBSTITUTE(INDEX('Paste BPN'!$A:$Z,MATCH($B11,'Paste BPN'!$C:$C,0),MATCH("PENYETORAN PNBP",'Paste BPN'!$3:$3,0)),".","")),0) -> 0 | J11: =G11+H11-I11+F11 -> 0
A12: 6 | B12: 309124 | C12: PENGADILAN TINGGI AGAMA BANDUNG | D12: =IFERROR(VALUE(SUBSTITUTE(INDEX('Paste BPN'!$A:$Z,MATCH($B12,'Paste BPN'!$C:$C,0),MATCH("KAS TUNAI",'Paste BPN'!$3:$3,0)),".","")),0) -> 0 | E12: =IFERROR(VALUE(SUBSTITUTE(INDEX('Paste BPN'!$A:$Z,MATCH($B12,'Paste BPN'!$C:$C,0),MATCH("KAS BANK",'Paste BPN'!$3:$3,0)),".","")),0) -> 0 | F12: =D12+E12 -> 0 | G12: =IFERROR(VALUE(SUBSTITUTE(INDEX('Paste BPN'!$A:$Z,MATCH($B12,'Paste BPN'!$C:$C,0),MATCH("SALDO AWAL PNBP",'Paste BPN'!$3:$3,0)),".","")),0) -> 0 | H12: =IFERROR(VALUE(SUBSTITUTE(INDEX('Paste BPN'!$A:$Z,MATCH($B12,'Paste BPN'!$C:$C,0),MATCH("PENERIMAAN PNBP",'Paste BPN'!$3:$3,0)),".","")),0) -> 0 | I12: =IFERROR(VALUE(SUBSTITUTE(INDEX('Paste BPN'!$A:$Z,MATCH($B12,'Paste BPN'!$C:$C,0),MATCH("PENYETORAN PNBP",'Paste BPN'!$3:$3,0)),".","")),0) -> 0 | J12: =G12+H12-I12+F12 -> 0
A13: 7 | B13: 400483 | C13: PENGADILAN NEGERI BALE BANDUNG | D13: =IFERROR(VALUE(SUBSTITUTE(INDEX('Paste BPN'!$A:$Z,MATCH($B13,'Paste BPN'!$C:$C,0),MATCH("KAS TUNAI",'Paste BPN'!$3:$3,0)),".","")),0) -> 0 | E13: =IFERROR(VALUE(SUBSTITUTE(INDEX('Paste BPN'!$A:$Z,MATCH($B13,'Paste BPN'!$C:$C,0),MATCH("KAS BANK",'Paste BPN'!$3:$3,0)),".","")),0) -> 0 | F13: =D13+E13 -> 0 | G13: =IFERROR(VALUE(SUBSTITUTE(INDEX('Paste BPN'!$A:$Z,MATCH($B13,'Paste BPN'!$C:$C,0),MATCH("SALDO AWAL PNBP",'Paste BPN'!$3:$3,0)),".","")),0) -> 0 | H13: =IFERROR(VALUE(SUBSTITUTE(INDEX('Paste BPN'!$A:$Z,MATCH($B13,'Paste BPN'!$C:$C,0),MATCH("PENERIMAAN PNBP",'Paste BPN'!$3:$3,0)),".","")),0) -> 0 | I13: =IFERROR(VALUE(SUBSTITUTE(INDEX('Paste BPN'!$A:$Z,MATCH($B13,'Paste BPN'!$C:$C,0),MATCH("PENYETORAN PNBP",'Paste BPN'!$3:$3,0)),".","")),0) -> 0 | J13: =G13+H13-I13+F13 -> 0
A14: 8 | B14: 400484 | C14: PENGADILAN NEGERI BALE BANDUNG | D14: =IFERROR(VALUE(SUBSTITUTE(INDEX('Paste BPN'!$A:$Z,MATCH($B14,'Paste BPN'!$C:$C,0),MATCH("KAS TUNAI",'Paste BPN'!$3:$3,0)),".","")),0) -> 0 | E14: =IFERROR(VALUE(SUBSTITUTE(INDEX('Paste BPN'!$A:$Z,MATCH($B14,'Paste BPN'!$C:$C,0),MATCH("KAS BANK",'Paste BPN'!$3:$3,0)),".","")),0) -> 0 | F14: =D14+E14 -> 0 | G14: =IFERROR(VALUE(SUBSTITUTE(INDEX('Paste BPN'!$A:$Z,MATCH($B14,'Paste BPN'!$C:$C,0),MATCH("SALDO AWAL PNBP",'Paste BPN'!$3:$3,0)),".","")),0) -> 0 | H14: =IFERROR(VALUE(SUBSTITUTE(INDEX('Paste BPN'!$A:$Z,MATCH($B14,'Paste BPN'!$C:$C,0),MATCH("PENERIMAAN PNBP",'Paste BPN'!$3:$3,0)),".","")),0) -> 0 | I14: =IFERROR(VALUE(SUBSTITUTE(INDEX('Paste BPN'!$A:$Z,MATCH($B14,'Paste BPN'!$C:$C,0),MATCH("PENYETORAN PNBP",'Paste BPN'!$3:$3,0)),".","")),0) -> 0 | J14: =G14+H14-I14+F14 -> 0
A15: 9 | B15: 400663 | C15: PENGADILAN AGAMA BANDUNG | D15: =IFERROR(VALUE(SUBSTITUTE(INDEX('Paste BPN'!$A:$Z,MATCH($B15,'Paste BPN'!$C:$C,0),MATCH("KAS TUNAI",'Paste BPN'!$3:$3,0)),".","")),0) -> 0 | E15: =IFERROR(VALUE(SUBSTITUTE(INDEX('Paste BPN'!$A:$Z,MATCH($B15,'Paste BPN'!$C:$C,0),MATCH("KAS BANK",'Paste BPN'!$3:$3,0)),".","")),0) -> 0 | F15: =D15+E15 -> 0 | G15: =IFERROR(VALUE(SUBSTITUTE(INDEX('Paste BPN'!$A:$Z,MATCH($B15,'Paste BPN'!$C:$C,0),MATCH("SALDO AWAL PNBP",'Paste BPN'!$3:$3,0)),".","")),0) -> 0 | H15: =IFERROR(VALUE(SUBSTITUTE(INDEX('Paste BPN'!$A:$Z,MATCH($B15,'Paste BPN'!$C:$C,0),MATCH("PENERIMAAN PNBP",'Paste BPN'!$3:$3,0)),".","")),0) -> 0 | I15: =IFERROR(VALUE(SUBSTITUTE(INDEX('Paste BPN'!$A:$Z,MATCH($B15,'Paste BPN'!$C:$C,0),MATCH("PENYETORAN PNBP",'Paste BPN'!$3:$3,0)),".","")),0) -> 0 | J15: =G15+H15-I15+F15 -> 0
A16: 10 | B16: 401959 | C16: PENGADILAN AGAMA NGAMPRAH | D16: =IFERROR(VALUE(SUBSTITUTE(INDEX('Paste BPN'!$A:$Z,MATCH($B16,'Paste BPN'!$C:$C,0),MATCH("KAS TUNAI",'Paste BPN'!$3:$3,0)),".","")),0) -> 0 | E16: =IFERROR(VALUE(SUBSTITUTE(INDEX('Paste BPN'!$A:$Z,MATCH($B16,'Paste BPN'!$C:$C,0),MATCH("KAS BANK",'Paste BPN'!$3:$3,0)),".","")),0) -> 0 | F16: =D16+E16 -> 0 | G16: =IFERROR(VALUE(SUBSTITUTE(INDEX('Paste BPN'!$A:$Z,MATCH($B16,'Paste BPN'!$C:$C,0),MATCH("SALDO AWAL PNBP",'Paste BPN'!$3:$3,0)),".","")),0) -> 0 | H16: =IFERROR(VALUE(SUBSTITUTE(INDEX('Paste BPN'!$A:$Z,MATCH($B16,'Paste BPN'!$C:$C,0),MATCH("PENERIMAAN PNBP",'Paste BPN'!$3:$3,0)),".","")),0) -> 0 | I16: =IFERROR(VALUE(SUBSTITUTE(INDEX('Paste BPN'!$A:$Z,MATCH($B16,'Paste BPN'!$C:$C,0),MATCH("PENYETORAN PNBP",'Paste BPN'!$3:$3,0)),".","")),0) -> 0 | J16: =G16+H16-I16+F16 -> 0
A17: 11 | B17: 403419 | C17: PENGADILAN AGAMA SOREANG | D17: =IFERROR(VALUE(SUBSTITUTE(INDEX('Paste BPN'!$A:$Z,MATCH($B17,'Paste BPN'!$C:$C,0),MATCH("KAS TUNAI",'Paste BPN'!$3:$3,0)),".","")),0) -> 0 | E17: =IFERROR(VALUE(SUBSTITUTE(INDEX('Paste BPN'!$A:$Z,MATCH($B17,'Paste BPN'!$C:$C,0),MATCH("KAS BANK",'Paste BPN'!$3:$3,0)),".","")),0) -> 0 | F17: =D17+E17 -> 0 | G17: =IFERROR(VALUE(SUBSTITUTE(INDEX('Paste BPN'!$A:$Z,MATCH($B17,'Paste BPN'!$C:$C,0),MATCH("SALDO AWAL PNBP",'Paste BPN'!$3:$3,0)),".","")),0) -> 0 | H17: =IFERROR(VALUE(SUBSTITUTE(INDEX('Paste BPN'!$A:$Z,MATCH($B17,'Paste BPN'!$C:$C,0),MATCH("PENERIMAAN PNBP",'Paste BPN'!$3:$3,0)),".","")),0) -> 0 | I17: =IFERROR(VALUE(SUBSTITUTE(INDEX('Paste BPN'!$A:$Z,MATCH($B17,'Paste BPN'!$C:$C,0),MATCH("PENYETORAN PNBP",'Paste BPN'!$3:$3,0)),".","")),0) -> 0 | J17: =G17+H17-I17+F17 -> 0
A18: 12 | B18: 403420 | C18: PENGADILAN AGAMA KOTA CIMAHI | D18: =IFERROR(VALUE(SUBSTITUTE(INDEX('Paste BPN'!$A:$Z,MATCH($B18,'Paste BPN'!$C:$C,0),MATCH("KAS TUNAI",'Paste BPN'!$3:$3,0)),".","")),0) -> 0 | E18: =IFERROR(VALUE(SUBSTITUTE(INDEX('Paste BPN'!$A:$Z,MATCH($B18,'Paste BPN'!$C:$C,0),MATCH("KAS BANK",'Paste BPN'!$3:$3,0)),".","")),0) -> 0 | F18: =D18+E18 -> 0 | G18: =IFERROR(VALUE(SUBSTITUTE(INDEX('Paste BPN'!$A:$Z,MATCH($B18,'Paste BPN'!$C:$C,0),MATCH("SALDO AWAL PNBP",'Paste BPN'!$3:$3,0)),".","")),0) -> 0 | H18: =IFERROR(VALUE(SUBSTITUTE(INDEX('Paste BPN'!$A:$Z,MATCH($B18,'Paste BPN'!$C:$C,0),MATCH("PENERIMAAN PNBP",'Paste BPN'!$3:$3,0)),".","")),0) -> 0 | I18: =IFERROR(VALUE(SUBSTITUTE(INDEX('Paste BPN'!$A:$Z,MATCH($B18,'Paste BPN'!$C:$C,0),MATCH("PENYETORAN PNBP",'Paste BPN'!$3:$3,0)),".","")),0) -> 0 | J18: =G18+H18-I18+F18 -> 0
... A20: 14 | B20: 531824 | C20: PENGADILAN TATA USAHA NEGARA BANDUNG | D20: =IFERROR(VALUE(SUBSTITUTE(INDEX('Paste BPN'!$A:$Z,MATCH($B20,'Paste BPN'!$C:$C,0),MATCH("KAS TUNAI",'Paste BPN'!$3:$3,0)),".","")),0) -> 0 | E20: =IFERROR(VALUE(SUBSTITUTE(INDEX('Paste BPN'!$A:$Z,MATCH($B20,'Paste BPN'!$C:$C,0),MATCH("KAS BANK",'Paste BPN'!$3:$3,0)),".","")),0) -> 0 | F20: =D20+E20 -> 0 | G20: =IFERROR(VALUE(SUBSTITUTE(INDEX('Paste BPN'!$A:$Z,MATCH($B20,'Paste BPN'!$C:$C,0),MATCH("SALDO AWAL PNBP",'Paste BPN'!$3:$3,0)),".","")),0) -> 0 | H20: =IFERROR(VALUE(SUBSTITUTE(INDEX('Paste BPN'!$A:$Z,MATCH($B20,'Paste BPN'!$C:$C,0),MATCH("PENERIMAAN PNBP",'Paste BPN'!$3:$3,0)),".","")),0) -> 0 | I20: =IFERROR(VALUE(SUBSTITUTE(INDEX('Paste BPN'!$A:$Z,MATCH($B20,'Paste BPN'!$C:$C,0),MATCH("PENYETORAN PNBP",'Paste BPN'!$3:$3,0)),".","")),0) -> 0 | J20: =G20+H20-I20+F20 -> 0
B21: 006 | C21: KEJAKSAAN REPUBLIK INDONESIA | D21: =SUM(D22+D23+D24+D25) -> 0 | E21: =SUM(E22+E23+E24+E25) -> 0 | F21: =SUM(F22:F25) -> 0 | G21: =SUM(G22+G23+G24+G25) -> 0 | H21: =SUM(H22+H23+H24+H25) -> 0 | I21: =SUM(I22+I23+I24+I25) -> 0 | J21: =G21+H21-I21+F21 -> 0
A22: 15 | B22: 005083 | C22: KEJAKSAAN TINGGI JAWA BARAT | D22: =IFERROR(VALUE(SUBSTITUTE(INDEX('Paste BPN'!$A:$Z,MATCH($B22,'Paste BPN'!$C:$C,0),MATCH("KAS TUNAI",'Paste BPN'!$3:$3,0)),".","")),0) -> 0 | E22: =IFERROR(VALUE(SUBSTITUTE(INDEX('Paste BPN'!$A:$Z,MATCH($B22,'Paste BPN'!$C:$C,0),MATCH("KAS BANK",'Paste BPN'!$3:$3,0)),".","")),0) -> 0 | F22: =D22+E22 -> 0 | G22: =IFERROR(VALUE(SUBSTITUTE(INDEX('Paste BPN'!$A:$Z,MATCH($B22,'Paste BPN'!$C:$C,0),MATCH("SALDO AWAL PNBP",'Paste BPN'!$3:$3,0)),".","")),0) -> 0 | H22: =IFERROR(VALUE(SUBSTITUTE(INDEX('Paste BPN'!$A:$Z,MATCH($B22,'Paste BPN'!$C:$C,0),MATCH("PENERIMAAN PNBP",'Paste BPN'!$3:$3,0)),".","")),0) -> 0 | I22: =IFERROR(VALUE(SUBSTITUTE(INDEX('Paste BPN'!$A:$Z,MATCH($B22,'Paste BPN'!$C:$C,0),MATCH("PENYETORAN PNBP",'Paste BPN'!$3:$3,0)),".","")),0) -> 0 | J22: =G22+H22-I22+F22 -> 0
A23: 16 | B23: 005090 | C23: KEJAKSAAN NEGERI KOTA BANDUNG | D23: =IFERROR(VALUE(SUBSTITUTE(INDEX('Paste BPN'!$A:$Z,MATCH($B23,'Paste BPN'!$C:$C,0),MATCH("KAS TUNAI",'Paste BPN'!$3:$3,0)),".","")),0) -> 0 | E23: =IFERROR(VALUE(SUBSTITUTE(INDEX('Paste BPN'!$A:$Z,MATCH($B23,'Paste BPN'!$C:$C,0),MATCH("KAS BANK",'Paste BPN'!$3:$3,0)),".","")),0) -> 0 | F23: =D23+E23 -> 0 | G23: =IFERROR(VALUE(SUBSTITUTE(INDEX('Paste BPN'!$A:$Z,MATCH($B23,'Paste BPN'!$C:$C,0),MATCH("SALDO AWAL PNBP",'Paste BPN'!$3:$3,0)),".","")),0) -> 0 | H23: =IFERROR(VALUE(SUBSTITUTE(INDEX('Paste BPN'!$A:$Z,MATCH($B23,'Paste BPN'!$C:$C,0),MATCH("PENERIMAAN PNBP",'Paste BPN'!$3:$3,0)),".","")),0) -> 0 | I23: =IFERROR(VALUE(SUBSTITUTE(INDEX('Paste BPN'!$A:$Z,MATCH($B23,'Paste BPN'!$C:$C,0),MATCH("PENYETORAN PNBP",'Paste BPN'!$3:$3,0)),".","")),0) -> 0 | J23: =G23+H23-I23+F23 -> 0
A24: 17 | B24: 005105 | C24: KEJAKSAAN NEGERI KABUPATEN BANDUNG | D24: =IFERROR(VALUE(SUBSTITUTE(INDEX('Paste BPN'!$A:$Z,MATCH($B24,'Paste BPN'!$C:$C,0),MATCH("KAS TUNAI",'Paste BPN'!$3:$3,0)),".","")),0) -> 0 | E24: =IFERROR(VALUE(SUBSTITUTE(INDEX('Paste BPN'!$A:$Z,MATCH($B24,'Paste BPN'!$C:$C,0),MATCH("KAS BANK",'Paste BPN'!$3:$3,0)),".","")),0) -> 0 | F24: =D24+E24 -> 0 | G24: =IFERROR(VALUE(SUBSTITUTE(INDEX('Paste BPN'!$A:$Z,MATCH($B24,'Paste BPN'!$C:$C,0),MATCH("SALDO AWAL PNBP",'Paste BPN'!$3:$3,0)),".","")),0) -> 0 | H24: =IFERROR(VALUE(SUBSTITUTE(INDEX('Paste BPN'!$A:$Z,MATCH($B24,'Paste BPN'!$C:$C,0),MATCH("PENERIMAAN PNBP",'Paste BPN'!$3:$3,0)),".","")),0) -> 0 | I24: =IFERROR(VALUE(SUBSTITUTE(INDEX('Paste BPN'!$A:$Z,MATCH($B24,'Paste BPN'!$C:$C,0),MATCH("PENYETORAN PNBP",'Paste BPN'!$3:$3,0)),".","")),0) -> 0 | J24: =G24+H24-I24+F24 -> 0
A25: 18 | B25: 683017 | C25: KEJAKSAAN NEGERI CIMAHI | D25: =IFERROR(VALUE(SUBSTITUTE(INDEX('Paste BPN'!$A:$Z,MATCH($B25,'Paste BPN'!$C:$C,0),MATCH("KAS TUNAI",'Paste BPN'!$3:$3,0)),".","")),0) -> 0 | E25: =IFERROR(VALUE(SUBSTITUTE(INDEX('Paste BPN'!$A:$Z,MATCH($B25,'Paste BPN'!$C:$C,0),MATCH("KAS BANK",'Paste BPN'!$3:$3,0)),".","")),0) -> 0 | F25: =D25+E25 -> 0 | G25: =IFERROR(VALUE(SUBSTITUTE(INDEX('Paste BPN'!$A:$Z,MATCH($B25,'Paste BPN'!$C:$C,0),MATCH("SALDO AWAL PNBP",'Paste BPN'!$3:$3,0)),".","")),0) -> 0 | H25: =IFERROR(VALUE(SUBSTITUTE(INDEX('Paste BPN'!$A:$Z,MATCH($B25,'Paste BPN'!$C:$C,0),MATCH("PENERIMAAN PNBP",'Paste BPN'!$3:$3,0)),".","")),0) -> 0 | I25: =IFERROR(VALUE(SUBSTITUTE(INDEX('Paste BPN'!$A:$Z,MATCH($B25,'Paste BPN'!$C:$C,0),MATCH("PENYETORAN PNBP",'Paste BPN'!$3:$3,0)),".","")),0) -> 0 | J25: =G25+H25-I25+F25 -> 0
B26: 12 | C26: KEMENTERIAN PERTAHANAN | D26: =SUM(D27:D29) -> 0 | E26: =SUM(E27:E29) -> 0 | F26: =D26+E26 -> 0 | G26: =SUM(G27:G29) -> 0 | H26: =SUM(H27+H29) -> 0 | I26: =SUM(I27+I29) -> 0 | J26: =G26+H26-I26+F26 -> 0
A27: 19 | B27: 344206 | C27: KESDAM III/SLW | D27: =IFERROR(VALUE(SUBSTITUTE(INDEX('Paste BPN'!$A:$Z,MATCH($B27,'Paste BPN'!$C:$C,0),MATCH("KAS TUNAI",'Paste BPN'!$3:$3,0)),".","")),0) -> 0 | E27: =IFERROR(VALUE(SUBSTITUTE(INDEX('Paste BPN'!$A:$Z,MATCH($B27,'Paste BPN'!$C:$C,0),MATCH("KAS BANK",'Paste BPN'!$3:$3,0)),".","")),0) -> 0 | F27: =D27+E27 -> 0 | G27: =IFERROR(VALUE(SUBSTITUTE(INDEX('Paste BPN'!$A:$Z,MATCH($B27,'Paste BPN'!$C:$C,0),MATCH("SALDO AWAL PNBP",'Paste BPN'!$3:$3,0)),".","")),0) -> 0 | H27: =IFERROR(VALUE(SUBSTITUTE(INDEX('Paste BPN'!$A:$Z,MATCH($B27,'Paste BPN'!$C:$C,0),MATCH("PENERIMAAN PNBP",'Paste BPN'!$3:$3,0)),".","")),0) -> 0 | I27: =IFERROR(VALUE(SUBSTITUTE(INDEX('Paste BPN'!$A:$Z,MATCH($B27,'Paste BPN'!$C:$C,0),MATCH("PENYETORAN PNBP",'Paste BPN'!$3:$3,0)),".","")),0) -> 0 | J27: =G27+H27-I27+F27 -> 0
A28: 20 | B28: 344805 | C28: LAFIAU | D28: =IFERROR(VALUE(SUBSTITUTE(INDEX('Paste BPN'!$A:$Z,MATCH($B28,'Paste BPN'!$C:$C,0),MATCH("KAS TUNAI",'Paste BPN'!$3:$3,0)),".","")),0) -> 0 | E28: =IFERROR(VALUE(SUBSTITUTE(INDEX('Paste BPN'!$A:$Z,MATCH($B28,'Paste BPN'!$C:$C,0),MATCH("KAS BANK",'Paste BPN'!$3:$3,0)),".","")),0) -> 0 | F28: =D28+E28 -> 0 | G28: =IFERROR(VALUE(SUBSTITUTE(INDEX('Paste BPN'!$A:$Z,MATCH($B28,'Paste BPN'!$C:$C,0),MATCH("SALDO AWAL PNBP",'Paste BPN'!$3:$3,0)),".","")),0) -> 0 | H28: =IFERROR(VALUE(SUBSTITUTE(INDEX('Paste BPN'!$A:$Z,MATCH($B28,'Paste BPN'!$C:$C,0),MATCH("PENERIMAAN PNBP",'Paste BPN'!$3:$3,0)),".","")),0) -> 0 | I28: =IFERROR(VALUE(SUBSTITUTE(INDEX('Paste BPN'!$A:$Z,MATCH($B28,'Paste BPN'!$C:$C,0),MATCH("PENYETORAN PNBP",'Paste BPN'!$3:$3,0)),".","")),0) -> 0 | J28: =G28+H28-I28+F28 -> 0
A29: 21 | B29: 344896 | C29: RUMKIT TK. IV 03.07.03 SARININGSIH BANDUNG KESDAM III/SLW | D29: =IFERROR(VALUE(SUBSTITUTE(INDEX('Paste BPN'!$A:$Z,MATCH($B29,'Paste BPN'!$C:$C,0),MATCH("KAS TUNAI",'Paste BPN'!$3:$3,0)),".","")),0) -> 0 | E29: =IFERROR(VALUE(SUBSTITUTE(INDEX('Paste BPN'!$A:$Z,MATCH($B29,'Paste BPN'!$C:$C,0),MATCH("KAS BANK",'Paste BPN'!$3:$3,0)),".","")),0) -> 0 | F29: =D29+E29 -> 0 | G29: =IFERROR(VALUE(SUBSTITUTE(INDEX('Paste BPN'!$A:$Z,MATCH($B29,'Paste BPN'!$C:$C,0),MATCH("SALDO AWAL PNBP",'Paste BPN'!$3:$3,0)),".","")),0) -> 0 | H29: =IFERROR(VALUE(SUBSTITUTE(INDEX('Paste BPN'!$A:$Z,MATCH($B29,'Paste BPN'!$C:$C,0),MATCH("PENERIMAAN PNBP",'Paste BPN'!$3:$3,0)),".","")),0) -> 0 | I29: =IFERROR(VALUE(SUBSTITUTE(INDEX('Paste BPN'!$A:$Z,MATCH($B29,'Paste BPN'!$C:$C,0),MATCH("PENYETORAN PNBP",'Paste BPN'!$3:$3,0)),".","")),0) -> 0 | J29: =G29+H29-I29+F29 -> 0
B30: 022 | C30: KEMENTERIAN PERHUBUNGAN | D30: =SUM(D31:D32) -> 0 | E30: =SUM(E31:E32) -> 0 | F30: =D30+E30 -> 0 | G30: =SUM(G31:G32) -> 0 | H30: =SUM(H31+H32) -> 0 | I30: =SUM(I31+I32) -> 0 | J30: =G30+H30-I30+F30 -> 0
A31: 22 | B31: 403849 | C31: BALAI PENGELOLA TRANSPORTASI DARAT WILAYAH IX | D31: =IFERROR(VALUE(SUBSTITUTE(INDEX('Paste BPN'!$A:$Z,MATCH($B31,'Paste BPN'!$C:$C,0),MATCH("KAS TUNAI",'Paste BPN'!$3:$3,0)),".","")),0) -> 0 | E31: =IFERROR(VALUE(SUBSTITUTE(INDEX('Paste BPN'!$A:$Z,MATCH($B31,'Paste BPN'!$C:$C,0),MATCH("KAS BANK",'Paste BPN'!$3:$3,0)),".","")),0) -> 0 | F31: =D31+E31 -> 0 | G31: =IFERROR(VALUE(SUBSTITUTE(INDEX('Paste BPN'!$A:$Z,MATCH($B31,'Paste BPN'!$C:$C,0),MATCH("SALDO AWAL PNBP",'Paste BPN'!$3:$3,0)),".","")),0) -> 0 | H31: =IFERROR(VALUE(SUBSTITUTE(INDEX('Paste BPN'!$A:$Z,MATCH($B31,'Paste BPN'!$C:$C,0),MATCH("PENERIMAAN PNBP",'Paste BPN'!$3:$3,0)),".","")),0) -> 0 | I31: =IFERROR(VALUE(SUBSTITUTE(INDEX('Paste BPN'!$A:$Z,MATCH($B31,'Paste BPN'!$C:$C,0),MATCH("PENYETORAN PNBP",'Paste BPN'!$3:$3,0)),".","")),0) -> 0 | J31: =G31+H31-I31+F31 -> 0
A32: 23 | B32: 419173 | C32: BALAI PENDIDIKAN DAN PELATIHAN PEMBANGUNAN KARAKTER SUMBER DAYA MANUSIA TRANSPORTASI | D32: =IFERROR(VALUE(SUBSTITUTE(INDEX('Paste BPN'!$A:$Z,MATCH($B32,'Paste BPN'!$C:$C,0),MATCH("KAS TUNAI",'Paste BPN'!$3:$3,0)),".","")),0) -> 0 | E32: =IFERROR(VALUE(SUBSTITUTE(INDEX('Paste BPN'!$A:$Z,MATCH($B32,'Paste BPN'!$C:$C,0),MATCH("KAS BANK",'Paste BPN'!$3:$3,0)),".","")),0) -> 0 | F32: =D32+E32 -> 0 | G32: =IFERROR(VALUE(SUBSTITUTE(INDEX('Paste BPN'!$A:$Z,MATCH($B32,'Paste BPN'!$C:$C,0),MATCH("SALDO AWAL PNBP",'Paste BPN'!$3:$3,0)),".","")),0) -> 0 | H32: =IFERROR(VALUE(SUBSTITUTE(INDEX('Paste BPN'!$A:$Z,MATCH($B32,'Paste BPN'!$C:$C,0),MATCH("PENERIMAAN PNBP",'Paste BPN'!$3:$3,0)),".","")),0) -> 0 | I32: =IFERROR(VALUE(SUBSTITUTE(INDEX('Paste BPN'!$A:$Z,MATCH($B32,'Paste BPN'!$C:$C,0),MATCH("PENYETORAN PNBP",'Paste BPN'!$3:$3,0)),".","")),0) -> 0 | J32: =G32+H32-I32+F32 -> 0
B33: 029 | C33: KEMENTERIAN LINGKUNGAN HIDUP DAN KEHUTANAN | D33: =D34 -> 0 | E33: =E34 -> 0 | F33: =F34 -> 0 | G33: =G34 -> 0 | H33: =H34 -> 0 | I33: =I34 -> 0 | J33: =G33+H33-I33+F33 -> 0
A34: 24 | B34: 693579 | C34: BALAI BESAR KONSERVASI SUMBER DAYA ALAM JAWA BARAT | D34: =IFERROR(VALUE(SUBSTITUTE(INDEX('Paste BPN'!$A:$Z,MATCH($B34,'Paste BPN'!$C:$C,0),MATCH("KAS TUNAI",'Paste BPN'!$3:$3,0)),".","")),0) -> 0 | E34: =IFERROR(VALUE(SUBSTITUTE(INDEX('Paste BPN'!$A:$Z,MATCH($B34,'Paste BPN'!$C:$C,0),MATCH("KAS BANK",'Paste BPN'!$3:$3,0)),".","")),0) -> 0 | F34: =D34+E34 -> 0 | G34: =IFERROR(VALUE(SUBSTITUTE(INDEX('Paste BPN'!$A:$Z,MATCH($B34,'Paste BPN'!$C:$C,0),MATCH("SALDO AWAL PNBP",'Paste BPN'!$3:$3,0)),".","")),0) -> 0 | H34: =IFERROR(VALUE(SUBSTITUTE(INDEX('Paste BPN'!$A:$Z,MATCH($B34,'Paste BPN'!$C:$C,0),MATCH("PENERIMAAN PNBP",'Paste BPN'!$3:$3,0)),".","")),0) -> 0 | I34: =IFERROR(VALUE(SUBSTITUTE(INDEX('Paste BPN'!$A:$Z,MATCH($B34,'Paste BPN'!$C:$C,0),MATCH("PENYETORAN PNBP",'Paste BPN'!$3:$3,0)),".","")),0) -> 0 | J34: =G34+H34-I34+F34 -> 0
B35: 086 | C35: LEMBAGA ADMINISTRASI NEGARA | D35: =D36+D37 -> 0 | E35: =E36+E37 -> 0 | F35: =D35+E35 -> 0 | G35: =G36+G37 -> 0 | H35: =H36+H37 -> 0 | I35: =I36+I37 -> 0 | J35: =G35+H35-I35+F35 -> 0
A36: 25 | B36: 450423 | C36: PUSAT PELATIHAN DAN PENGEMBANGAN DAN PEMETAAN KOMPETENSI ASN | D36: =IFERROR(VALUE(SUBSTITUTE(INDEX('Paste BPN'!$A:$Z,MATCH($B36,'Paste BPN'!$C:$C,0),MATCH("KAS TUNAI",'Paste BPN'!$3:$3,0)),".","")),0) -> 0 | E36: =IFERROR(VALUE(SUBSTITUTE(INDEX('Paste BPN'!$A:$Z,MATCH($B36,'Paste BPN'!$C:$C,0),MATCH("KAS BANK",'Paste BPN'!$3:$3,0)),".","")),0) -> 0 | F36: =D36+E36 -> 0 | G36: =IFERROR(VALUE(SUBSTITUTE(INDEX('Paste BPN'!$A:$Z,MATCH($B36,'Paste BPN'!$C:$C,0),MATCH("SALDO AWAL PNBP",'Paste BPN'!$3:$3,0)),".","")),0) -> 0 | H36: =IFERROR(VALUE(SUBSTITUTE(INDEX('Paste BPN'!$A:$Z,MATCH($B36,'Paste BPN'!$C:$C,0),MATCH("PENERIMAAN PNBP",'Paste BPN'!$3:$3,0)),".","")),0) -> 0 | I36: =IFERROR(VALUE(SUBSTITUTE(INDEX('Paste BPN'!$A:$Z,MATCH($B36,'Paste BPN'!$C:$C,0),MATCH("PENYETORAN PNBP",'Paste BPN'!$3:$3,0)),".","")),0) -> 0 | J36: =G36+H36-I36+F36 -> 0
A37: 26 | B37: 662635 | C37: STIA-LAN BANDUNG | D37: =IFERROR(VALUE(SUBSTITUTE(INDEX('Paste BPN'!$A:$Z,MATCH($B37,'Paste BPN'!$C:$C,0),MATCH("KAS TUNAI",'Paste BPN'!$3:$3,0)),".","")),0) -> 0 | E37: =IFERROR(VALUE(SUBSTITUTE(INDEX('Paste BPN'!$A:$Z,MATCH($B37,'Paste BPN'!$C:$C,0),MATCH("KAS BANK",'Paste BPN'!$3:$3,0)),".","")),0) -> 0 | F37: =D37+E37 -> 0 | G37: =IFERROR(VALUE(SUBSTITUTE(INDEX('Paste BPN'!$A:$Z,MATCH($B37,'Paste BPN'!$C:$C,0),MATCH("SALDO AWAL PNBP",'Paste BPN'!$3:$3,0)),".","")),0) -> 0 | H37: =IFERROR(VALUE(SUBSTITUTE(INDEX('Paste BPN'!$A:$Z,MATCH($B37,'Paste BPN'!$C:$C,0),MATCH("PENERIMAAN PNBP",'Paste BPN'!$3:$3,0)),".","")),0) -> 0 | I37: =IFERROR(VALUE(SUBSTITUTE(INDEX('Paste BPN'!$A:$Z,MATCH($B37,'Paste BPN'!$C:$C,0),MATCH("PENYETORAN PNBP",'Paste BPN'!$3:$3,0)),".","")),0) -> 0 | J37: =G37+H37-I37+F37 -> 0
A38: JUMLAH | D38: =D6+D21+D26+D30+D33+D35 -> 0 | E38: =E6+E21+E26+E30+E33+E35 -> 0 | F38: =F6+F21+F26+F30+F33+F35 -> 0 | G38: =G6+G21+G26+G30+G33+G35 -> 0 | H38: =H6+H21+H26+H30+H33+H35 -> 0 | I38: =I6+I21+I26+I30+I33+I35 -> 0 | J38: =G38+H38-I38+F38 -> 0
E39: =IF(E38='Paste BPN'!H28,"ok","hasil salah") -> ok | G39: =IF(G38='Paste BPN'!I28,"ok","hasil salah") -> ok | H39: =IF(H38='Paste BPN'!E28,"ok","hasil salah") -> ok | I39: =IF(I38='Paste BPN'!F28,"ok","hasil salah") -> ok | J39: =IF(J38='Paste BPN'!G28,"ok","hasil salah") -> ok
I41: =SUM(I38-H38) -> 0

Sheet Paste BPN
A1: REKAPITULASI LPJ BENDAHARA PENERIMAAN TINGKAT KPPN
A3: NO | B3: BA | C3: SATKER | D3: NAMA SATKER | E3: TGL KIRIM | F3: TGL VALIDASI KPPN | G3: TGL TOLAKAN TERAKHIR | H3: KEWAJIBAN LPJ | I3: STATUS VALIDASI | J3: KAS TUNAI | K3: KAS BANK | L3: JUMLAH | M3: SALDO AWAL PNBP | N3: PENERIMAAN PNBP | O3: PENYETORAN PNBP | P3: SALDO PNBP

Sheet Report BLU
I1: REKAPITULASI BENDAHARA BADAN LAYANAN UMUM
I2: ='Report BPG'!M2 -> BULAN JUNI TAHUN 2026
A3: KPPN BANDUNG II (095)
A4: NO | B4: KODE SATKER | C4: NAMA SATKER | D4: SALDO MENURUT BUKU PEMBANTU | N4: UANG PERSEDIAAN | Q4: PENDAPATAN | T4: HIBAH
D5: BP UP | E5: BP LS | F5: BP | G5: BP | H5: BP | I5: BP | J5: BP DANA | K5: BP | L5: BP | M5: JUMLAH | N5: SALDO | O5: KWITANSI | P5: JUMLAH | Q5: SALDO | R5: KWITANSI | S5: JUMLAH | T5: SALDO | U5: KWITANSI | V5: JUMLAH
E6: BENDAHARA | F6: PENDAPATAN | G6: PAJAK | H6: UPK | I6: TITIPAN | J6: BERGULIR | K6: HIBAH | L6: LAIN-LAIN
B7: 012 | C7: KEMENTERIAN PERTAHANAN | D7: =D8+D9 -> 0 | E7: =E8+E9 -> 0 | F7: =F8+F9 -> 0 | G7: =G8+G9 -> 0 | H7: =H8+H9 -> 0 | I7: =I8+I9 -> 0 | J7: =J8+J9 -> 0 | K7: =K8+K9 -> 0 | ... V7: =V8+V9 -> 0
A8: 1 | B8: 344808 | C8: RSAU DR. MOH. SALAMUN | D8: =IFERROR(VALUE(SUBSTITUTE(INDEX('Paste BLU'!$A:$Z,MATCH($B8,'Paste BLU'!$C:$C,0),MATCH("BP UP",'Paste BLU'!$3:$3,0)),".","")),0) -> 0 | E8: =IFERROR(VALUE(SUBSTITUTE(INDEX('Paste BLU'!$A:$Z,MATCH($B8,'Paste BLU'!$C:$C,0),MATCH("BP LS BENDAHARA",'Paste BLU'!$3:$3,0)),".","")),0) -> 0 | F8: =IFERROR(VALUE(SUBSTITUTE(INDEX('Paste BLU'!$A:$Z,MATCH($B8,'Paste BLU'!$C:$C,0),MATCH("BP PENDAPATAN",'Paste BLU'!$3:$3,0)),".","")),0) -> 0 | G8: =IFERROR(VALUE(SUBSTITUTE(INDEX('Paste BLU'!$A:$Z,MATCH($B8,'Paste BLU'!$C:$C,0),MATCH("BP PAJAK",'Paste BLU'!$3:$3,0)),".","")),0) -> 0 | H8: =IFERROR(VALUE(SUBSTITUTE(INDEX('Paste BLU'!$A:$Z,MATCH($B8,'Paste BLU'!$C:$C,0),MATCH("BP UANG PIHAK KETIGA",'Paste BLU'!$3:$3,0)),".","")),0) -> 0 | I8: =IFERROR(VALUE(SUBSTITUTE(INDEX('Paste BLU'!$A:$Z,MATCH($B8,'Paste BLU'!$C:$C,0),MATCH("BP UANG TITIPAN",'Paste BLU'!$3:$3,0)),".","")),0) -> 0 | J8: =IFERROR(VALUE(SUBSTITUTE(INDEX('Paste BLU'!$A:$Z,MATCH($B8,'Paste BLU'!$C:$C,0),MATCH("BP DANA BERGULIR",'Paste BLU'!$3:$3,0)),".","")),0) -> 0 | K8: =IFERROR(VALUE(SUBSTITUTE(INDEX('Paste BLU'!$A:$Z,MATCH($B8,'Paste BLU'!$C:$C,0),MATCH("BP HIBAH/DONASI/SUMBANGAN",'Paste BLU'!$3:$3,0)),".","")),0) -> 0 | L8: =IFERROR(VALUE(SUBSTITUTE(INDEX('Paste BLU'!$A:$Z,MATCH($B8,'Paste BLU'!$C:$C,0),MATCH("BP LAIN-LAIN",'Paste BLU'!$3:$3,0)),".","")),0) -> 0 | M8: =D8+E8+F8+G8+H8+I8+J8+K8+L8 -> 0 | N8: =IFERROR(VALUE(SUBSTITUTE(INDEX('Paste BLU'!$A:$Z,MATCH($B8,'Paste BLU'!$C:$C,0),MATCH("SALDO UP",'Paste BLU'!$3:$3,0)),".","")),0) -> 0 | O8: =IFERROR(VALUE(SUBSTITUTE(INDEX('Paste BLU'!$A:$Z,MATCH($B8,'Paste BLU'!$C:$C,0),MATCH("KUITANSI BELUM GU",'Paste BLU'!$3:$3,0)),".","")),0) -> 0 | P8: =N8+O8 -> 0 | Q8: =IFERROR(VALUE(SUBSTITUTE(INDEX('Paste BLU'!$A:$Z,MATCH($B8,'Paste BLU'!$C:$C,0),MATCH("SALDO PEND",'Paste BLU'!$3:$3,0)),".","")),0) -> 0 | R8: =IFERROR(VALUE(SUBSTITUTE(INDEX('Paste BLU'!$A:$Z,MATCH($B8,'Paste BLU'!$C:$C,0),MATCH("PENDAPATAN BELUM DISAHKAN",'Paste BLU'!$3:$3,0)),".","")),0) -> 0 | S8: =Q8+R8 -> 0 | T8: =IFERROR(VALUE(SUBSTITUTE(INDEX('Paste BLU'!$A:$Z,MATCH($B8,'Paste BLU'!$C:$C,0),MATCH("SALDO HIBAH",'Paste BLU'!$3:$3,0)),".","")),0) -> 0 | U8: =IFERROR(VALUE(SUBSTITUTE(INDEX('Paste BLU'!$A:$Z,MATCH($B8,'Paste BLU'!$C:$C,0),MATCH("HIBAH/DONASI/SUMBANG BELUM DISAHKAN",'Paste BLU'!$3:$3,0)),".","")),0) -> 0 | V8: =T8+U8 -> 0
A9: 2 | B9: 418383 | C9: RUMKIT TK.II DUSTIRA KESDAM III/SLW | D9: =IFERROR(VALUE(SUBSTITUTE(INDEX('Paste BLU'!$A:$Z,MATCH($B9,'Paste BLU'!$C:$C,0),MATCH("BP UP",'Paste BLU'!$3:$3,0)),".","")),0) -> 0 | E9: =IFERROR(VALUE(SUBSTITUTE(INDEX('Paste BLU'!$A:$Z,MATCH($B9,'Paste BLU'!$C:$C,0),MATCH("BP LS BENDAHARA",'Paste BLU'!$3:$3,0)),".","")),0) -> 0 | F9: =IFERROR(VALUE(SUBSTITUTE(INDEX('Paste BLU'!$A:$Z,MATCH($B9,'Paste BLU'!$C:$C,0),MATCH("BP PENDAPATAN",'Paste BLU'!$3:$3,0)),".","")),0) -> 0 | G9: =IFERROR(VALUE(SUBSTITUTE(INDEX('Paste BLU'!$A:$Z,MATCH($B9,'Paste BLU'!$C:$C,0),MATCH("BP PAJAK",'Paste BLU'!$3:$3,0)),".","")),0) -> 0 | H9: =IFERROR(VALUE(SUBSTITUTE(INDEX('Paste BLU'!$A:$Z,MATCH($B9,'Paste BLU'!$C:$C,0),MATCH("BP UANG PIHAK KETIGA",'Paste BLU'!$3:$3,0)),".","")),0) -> 0 | I9: =IFERROR(VALUE(SUBSTITUTE(INDEX('Paste BLU'!$A:$Z,MATCH($B9,'Paste BLU'!$C:$C,0),MATCH("BP UANG TITIPAN",'Paste BLU'!$3:$3,0)),".","")),0) -> 0 | J9: =IFERROR(VALUE(SUBSTITUTE(INDEX('Paste BLU'!$A:$Z,MATCH($B9,'Paste BLU'!$C:$C,0),MATCH("BP DANA BERGULIR",'Paste BLU'!$3:$3,0)),".","")),0) -> 0 | K9: =IFERROR(VALUE(SUBSTITUTE(INDEX('Paste BLU'!$A:$Z,MATCH($B9,'Paste BLU'!$C:$C,0),MATCH("BP HIBAH/DONASI/SUMBANGAN",'Paste BLU'!$3:$3,0)),".","")),0) -> 0 | L9: =IFERROR(VALUE(SUBSTITUTE(INDEX('Paste BLU'!$A:$Z,MATCH($B9,'Paste BLU'!$C:$C,0),MATCH("BP LAIN-LAIN",'Paste BLU'!$3:$3,0)),".","")),0) -> 0 | M9: =D9+E9+F9+G9+H9+I9+J9+K9+L9 -> 0 | N9: =IFERROR(VALUE(SUBSTITUTE(INDEX('Paste BLU'!$A:$Z,MATCH($B9,'Paste BLU'!$C:$C,0),MATCH("SALDO UP",'Paste BLU'!$3:$3,0)),".","")),0) -> 0 | O9: =IFERROR(VALUE(SUBSTITUTE(INDEX('Paste BLU'!$A:$Z,MATCH($B9,'Paste BLU'!$C:$C,0),MATCH("KUITANSI BELUM GU",'Paste BLU'!$3:$3,0)),".","")),0) -> 0 | P9: =N9+O9 -> 0 | Q9: =IFERROR(VALUE(SUBSTITUTE(INDEX('Paste BLU'!$A:$Z,MATCH($B9,'Paste BLU'!$C:$C,0),MATCH("SALDO PEND",'Paste BLU'!$3:$3,0)),".","")),0) -> 0 | R9: =IFERROR(VALUE(SUBSTITUTE(INDEX('Paste BLU'!$A:$Z,MATCH($B9,'Paste BLU'!$C:$C,0),MATCH("PENDAPATAN BELUM DISAHKAN",'Paste BLU'!$3:$3,0)),".","")),0) -> 0 | S9: =Q9+R9 -> 0 | T9: =IFERROR(VALUE(SUBSTITUTE(INDEX('Paste BLU'!$A:$Z,MATCH($B9,'Paste BLU'!$C:$C,0),MATCH("SALDO HIBAH",'Paste BLU'!$3:$3,0)),".","")),0) -> 0 | U9: =IFERROR(VALUE(SUBSTITUTE(INDEX('Paste BLU'!$A:$Z,MATCH($B9,'Paste BLU'!$C:$C,0),MATCH("HIBAH/DONASI/SUMBANG BELUM DISAHKAN",'Paste BLU'!$3:$3,0)),".","")),0) -> 0 | V9: =T9+U9 -> 0
B10: 025 | C10: KEMENTERIAN AGAMA | D10: =D11 -> 0 | E10: =E11 -> 0 | F10: =F11 -> 0 | G10: =G11 -> 0 | H10: =H11 -> 0 | I10: =I11 -> 0 | J10: =J11 -> 0 | K10: =K11 -> 0 | ... V10: =V11 -> 0
A11: 3 | B11: 423523 | C11: UNIVERSITAS ISLAM NEGERI SUNAN GUNUNG JATI BANDUNG | D11: =IFERROR(VALUE(SUBSTITUTE(INDEX('Paste BLU'!$A:$Z,MATCH($B11,'Paste BLU'!$C:$C,0),MATCH("BP UP",'Paste BLU'!$3:$3,0)),".","")),0) -> 0 | E11: =IFERROR(VALUE(SUBSTITUTE(INDEX('Paste BLU'!$A:$Z,MATCH($B11,'Paste BLU'!$C:$C,0),MATCH("BP LS BENDAHARA",'Paste BLU'!$3:$3,0)),".","")),0) -> 0 | F11: =IFERROR(VALUE(SUBSTITUTE(INDEX('Paste BLU'!$A:$Z,MATCH($B11,'Paste BLU'!$C:$C,0),MATCH("BP PENDAPATAN",'Paste BLU'!$3:$3,0)),".","")),0) -> 0 | G11: =IFERROR(VALUE(SUBSTITUTE(INDEX('Paste BLU'!$A:$Z,MATCH($B11,'Paste BLU'!$C:$C,0),MATCH("BP PAJAK",'Paste BLU'!$3:$3,0)),".","")),0) -> 0 | H11: =IFERROR(VALUE(SUBSTITUTE(INDEX('Paste BLU'!$A:$Z,MATCH($B11,'Paste BLU'!$C:$C,0),MATCH("BP UANG PIHAK KETIGA",'Paste BLU'!$3:$3,0)),".","")),0) -> 0 | I11: =IFERROR(VALUE(SUBSTITUTE(INDEX('Paste BLU'!$A:$Z,MATCH($B11,'Paste BLU'!$C:$C,0),MATCH("BP UANG TITIPAN",'Paste BLU'!$3:$3,0)),".","")),0) -> 0 | J11: =IFERROR(VALUE(SUBSTITUTE(INDEX('Paste BLU'!$A:$Z,MATCH($B11,'Paste BLU'!$C:$C,0),MATCH("BP DANA BERGULIR",'Paste BLU'!$3:$3,0)),".","")),0) -> 0 | K11: =IFERROR(VALUE(SUBSTITUTE(INDEX('Paste BLU'!$A:$Z,MATCH($B11,'Paste BLU'!$C:$C,0),MATCH("BP HIBAH/DONASI/SUMBANGAN",'Paste BLU'!$3:$3,0)),".","")),0) -> 0 | L11: =IFERROR(VALUE(SUBSTITUTE(INDEX('Paste BLU'!$A:$Z,MATCH($B11,'Paste BLU'!$C:$C,0),MATCH("BP LAIN-LAIN",'Paste BLU'!$3:$3,0)),".","")),0) -> 0 | M11: =D11+E11+F11+G11+H11+I11+J11+K11+L11 -> 0 | N11: =IFERROR(VALUE(SUBSTITUTE(INDEX('Paste BLU'!$A:$Z,MATCH($B11,'Paste BLU'!$C:$C,0),MATCH("SALDO UP",'Paste BLU'!$3:$3,0)),".","")),0) -> 0 | O11: =IFERROR(VALUE(SUBSTITUTE(INDEX('Paste BLU'!$A:$Z,MATCH($B11,'Paste BLU'!$C:$C,0),MATCH("KUITANSI BELUM GU",'Paste BLU'!$3:$3,0)),".","")),0) -> 0 | P11: =N11+O11 -> 0 | Q11: =IFERROR(VALUE(SUBSTITUTE(INDEX('Paste BLU'!$A:$Z,MATCH($B11,'Paste BLU'!$C:$C,0),MATCH("SALDO PEND",'Paste BLU'!$3:$3,0)),".","")),0) -> 0 | R11: =IFERROR(VALUE(SUBSTITUTE(INDEX('Paste BLU'!$A:$Z,MATCH($B11,'Paste BLU'!$C:$C,0),MATCH("PENDAPATAN BELUM DISAHKAN",'Paste BLU'!$3:$3,0)),".","")),0) -> 0 | S11: =Q11+R11 -> 0 | T11: =IFERROR(VALUE(SUBSTITUTE(INDEX('Paste BLU'!$A:$Z,MATCH($B11,'Paste BLU'!$C:$C,0),MATCH("SALDO HIBAH",'Paste BLU'!$3:$3,0)),".","")),0) -> 0 | U11: =IFERROR(VALUE(SUBSTITUTE(INDEX('Paste BLU'!$A:$Z,MATCH($B11,'Paste BLU'!$C:$C,0),MATCH("HIBAH/DONASI/SUMBANG BELUM DISAHKAN",'Paste BLU'!$3:$3,0)),".","")),0) -> 0 | V11: =T11+U11 -> 0
A12: JUMLAH | D12: =SUM(D7+D10) -> 0 | E12: =SUM(E7,E10) -> 0 | F12: =SUM(F7+F10) -> 0 | G12: =SUM(G7,G10) -> 0 | H12: =SUM(H7,H10) -> 0 | I12: =SUM(I7,I10) -> 0 | J12: =SUM(J7,J10) -> 0 | K12: =SUM(K7,K10) -> 0 | L12: =SUM(L7,L10) -> 0 | M12: =M7+M10 -> 0 | N12: =SUM(N7+N10) -> 0 | O12: =SUM(O7+O10) -> 0 | P12: =SUM(P7,P10) -> 0 | Q12: =SUM(Q7+Q10) -> 0 | R12: =SUM(R8:R9,R11) -> 0 | S12: =SUM(S7,S10) -> 0 | T12: =SUM(T8:T9,T11) -> 0 | U12: =SUM(U8:U9,U11) -> 0 | V12: =SUM(V8:V9,V11) -> 0

Sheet Paste BLU
A1: REKAPITULASI LPJ BLU TINGKAT KPPN
A3: NO | B3: BA | C3: SATKER | D3: NAMA SATKER | E3: TGL KIRIM | F3: TGL VALIDASI KPPN | G3: TGL TOLAKAN TERAKHIR | H3: KEWAJIBAN LPJ | I3: STATUS VALIDASI | J3: BP UP | K3: BP LS BENDAHARA | L3: BP PENDAPATAN | M3: BP PAJAK | N3: BP UANG PIHAK KETIGA | O3: BP UANG TITIPAN | P3: BP DANA BERGULIR | Q3: BP HIBAH/DONASI/SUMBANGAN | R3: BP LAIN-LAIN | S3: JUMLAH | T3: SALDO UP | U3: KUITANSI BELUM GU | V3: JUMLAH UP | W3: SALDO PEND | X3: PENDAPATAN BELUM DISAHKAN | Y3: JUMLAH PEND | Z3: SALDO HIBAH | AA3: HIBAH/DONASI/SUMBANG BELUM DISAHKAN | AB3: JUMLAH HIBAH

Sheet Sheet1
A1: Laporan | B1: Paste
A2: 238399 | B2: 238399
A3: 308166 | B3: 308166
A4: 308255 | B4: 308255
A5: 308276 | B5: 308276
A6: 309124 | B6: 309124
A7: 309840 | B7: 309840
A8: 309857 | B8: 309857
A9: 344202 | B9: 344202
A10: 344203 | B10: 344203
A11: 344204 | B11: 344204
A12: 344205 | B12: 344205
A13: 344206 | B13: 344206
... A159: 686307 | B159: 686307
A160: 005083 | B160: 005083
A161: 005090 | B161: 005090
A162: 005105 | B162: 005105
A163: 017237 | B163: 017237
A164: 017393 | B164: 017393
A165: 018597 | B165: 018597
A166: 018602 | B166: 018602
A167: 018619 | B167: 018619
A168: 020016 | B168: 020016
A169: 020100 | B169: 020100
A170: 026221 | B170: 026221
A171: 029089 | B171: 029089
... A181: 099068 | B181: 099068
A182: 694009 | B182: 694009
